timestamp;open;high;low;close;volume;macd_signal;cambio_pct;vela_alcista
2025-04-10 11:00:00;0,03;0,11;0,03;0,09575;329799928,0;0,0;219,16666666666669;1
2025-04-10 12:00:00;0,09575;0,125;0,0915;0,09352;311113953,0;-3,557834757834666e-05;-2,3289817232375936;0
2025-04-10 13:00:00;0,09355;0,0957;0,08206;0,09099;160109902,0;-0,0001318750204949598;-2,736504543025113;0
2025-04-10 14:00:00;0,09098;0,091;0,083;0,08496;68696399,0;-0,0003570852910650151;-6,616838865684778;0
2025-04-10 15:00:00;0,08496;0,09211;0,081;0,08227;87760878,0;-0,0006933937219553427;-3,1661958568738204;0
2025-04-10 16:00:00;0,08227;0,08444;0,07223;0,07457;92147195,0;-0,0012029751020323162;-9,359426279324175;0
2025-04-10 17:00:00;0,07458;0,08158;0,074;0,07997;50786142,0;-0,001705551842069462;7,227138643067856;1
2025-04-10 18:00:00;0,08005;0,085;0,07715;0,07997;67033585,0;-0,002173505008604895;-0,09993753903809713;0
2025-04-10 19:00:00;0,07997;0,08131;0,07741;0,07971;33556823,0;-0,0025944202023724895;-0,3251219207202655;0
2025-04-10 20:00:00;0,07968;0,084;0,07726;0,0816;39512523,0;-0,0029277207815071892;2,409638554216874;1
2025-04-10 21:00:00;0,0816;0,08171;0,07841;0,08077;27557889,0;-0,0031952033478198907;-1,0171568627451117;0
2025-04-10 22:00:00;0,08075;0,09;0,07974;0,0841;53449472,0;-0,003346999860801397;4,148606811145501;1
2025-04-10 23:00:00;0,08415;0,087;0,08275;0,08501;36671282,0;-0,0033961821644941177;1,0219845513963157;1
2025-04-11 00:00:00;0,08498;0,088;0,08021;0,08504;39132914,0;-0,003370250433534206;0,07060484819958165;1
2025-04-11 01:00:00;0,08508;0,0852;0,07954;0,08205;27609207,0;-0,0033386202862758776;-3,561354019746127;0
2025-04-11 02:00:00;0,08204;0,08354;0,076;0,07752;26530900,0;-0,0033697406999716236;-5,509507557289123;0
2025-04-11 03:00:00;0,0775;0,08075;0,0768;0,0803;26571778,0;-0,0033865269690460517;3,612903225806448;1
2025-04-11 04:00:00;0,08025;0,082;0,07849;0,08143;23359491,0;-0,003367701839992573;1,4704049844236766;1
2025-04-11 05:00:00;0,08136;0,08373;0,07902;0,07985;34568474,0;-0,0033450753243705784;-1,8559488692232025;0
2025-04-11 06:00:00;0,07987;0,0835;0,07944;0,08173;21170710,0;-0,0032836338873322686;2,3287842744459755;1
2025-04-11 07:00:00;0,08176;0,0833;0,08135;0,08316;23795682,0;-0,003170785990522022;1,7123287671232859;1
2025-04-11 08:00:00;0,08316;0,0894;0,08183;0,08473;82233457,0;-0,002999357898153555;1,8879268879268902;1
2025-04-11 09:00:00;0,08477;0,08928;0,0822;0,08877;58279154,0;-0,0027289074341561685;4,718650465966738;1
2025-04-11 10:00:00;0,08878;0,095;0,08534;0,09008;92224179,0;-0,002383449109280902;1,4642937598558183;1
2025-04-11 11:00:00;0,09005;0,095;0,0875;0,09134;73191352,0;-0,001983551879839101;1,4325374791782335;1
2025-04-11 12:00:00;0,09131;0,09985;0,08893;0,09808;77567462,0;-0,001458442993739806;7,414302924104696;1
2025-04-11 13:00:00;0,09811;0,10221;0,0965;0,09761;100639453,0;-0,0008865554314142623;-0,5096320456630318;0
2025-04-11 14:00:00;0,09769;0,1008;0,09344;0,09826;49749340,0;-0,00030293618256986826;0,5834783498822818;1
2025-04-11 15:00:00;0,09825;0,09875;0,09101;0,09403;49225535,0;0,00019064524804508559;-4,295165394402037;0
2025-04-11 16:00:00;0,09402;0,11428;0,09213;0,10877;166737624,0;0,0008366519364029751;15,68815145713678;1
2025-04-11 17:00:00;0,1088;0,1114;0,10373;0,10587;59113341,0;0,0014961563799988657;-2,693014705882342;0
2025-04-11 18:00:00;0,10591;0,11354;0,10488;0,10969;56839092,0;0,0021870844682847766;3,5690680766688616;1
2025-04-11 19:00:00;0,10972;0,1245;0,10972;0,12228;153208955,0;0,0030573699851539227;11,44732045205979;1
2025-04-11 20:00:00;0,1222;0,1235;0,11557;0,12105;81082411,0;0,00396785916239286;-0,9410801963993439;0
2025-04-11 21:00:00;0,12109;0,1215;0,11165;0,11189;66719715,0;0,0047006318641054255;-7,5976546370468245;0
2025-04-11 22:00:00;0,11192;0,11452;0,11008;0,11245;36866722,0;0,005281822948101188;0,4735525375267949;1
2025-04-11 23:00:00;0,11245;0,11336;0,11039;0,11189;19436597,0;0,005716565797904073;-0,49799911071586583;0
2025-04-12 00:00:00;0,1119;0,11527;0,107;0,11079;50695918,0;0,0060061487257778165;-0,9919571045576405;0
2025-04-12 01:00:00;0,11082;0,11537;0,10894;0,11301;42062094,0;0,006211297386762927;1,9761775852734138;1
2025-04-12 02:00:00;0,11303;0,119;0,11187;0,11692;43256662,0;0,00640099501644594;3,4415641864991513;1
2025-04-12 03:00:00;0,11693;0,13166;0,1141;0,12941;89575983,0;0,006755745468676574;10,673052253484983;1
2025-04-12 04:00:00;0,12943;0,13198;0,12369;0,125;46485230,0;0,007109594542743367;-3,422699528702766;0
2025-04-12 05:00:00;0,12502;0,13835;0,12477;0,13455;74712714,0;0,0075804897655478536;7,622780355143186;1
2025-04-12 06:00:00;0,13454;0,15;0,13155;0,14652;94200532,0;0,00827375903054679;8,904415043853144;1
2025-04-12 07:00:00;0,14655;0,18175;0,14239;0,16321;200175146,0;0,009317487348486928;11,368133742749901;1
2025-04-12 08:00:00;0,16304;0,17008;0,15538;0,15984;118117091,0;0,010451159828017307;-1,9627085377821276;0
2025-04-12 09:00:00;0,15979;0,166;0,15726;0,15945;56168269,0;0,011551736051319999;-0,21277927279553113;0
2025-04-12 10:00:00;0,15948;0,15988;0,1362;0,14187;141184631,0;0,012267066782543155;-11,04213694507149;0
2025-04-12 11:00:00;0,14185;0,14798;0,13898;0,1449;59544960,0;0,012723817037589562;2,150158618258722;1
2025-04-12 12:00:00;0,1449;0,1451;0,13282;0,14284;86610213,0;0,012932684206932804;-1,4216701173222954;0
2025-04-12 13:00:00;0,14285;0,15198;0,14138;0,14469;69165782,0;0,012975273364492125;1,288064403220167;1
2025-04-12 14:00:00;0,14469;0,15;0,142;0,14833;66884358,0;0,012939910893039624;2,515723270440235;1
2025-04-12 15:00:00;0,14833;0,16337;0,14824;0,15786;111065567,0;0,012980096519529275;6,424863480078212;1
2025-04-12 16:00:00;0,15787;0,16369;0,14762;0,15244;112193626,0;0,01294947043321049;-3,4395388610882485;0
2025-04-12 17:00:00;0,15245;0,15326;0,1381;0,14338;84274911,0;0,01270200493613342;-5,949491636602161;0
2025-04-12 18:00:00;0,14337;0,146;0,1385;0,14458;55949662,0;0,01232179610808908;0,843970147171646;1
2025-04-12 19:00:00;0,1446;0,14581;0,13708;0,13897;46215314,0;0,011760729367613814;-3,893499308437065;0
2025-04-12 20:00:00;0,13897;0,14081;0,13526;0,13662;36041105,0;0,011051418478408776;-1,691012448729955;0
2025-04-12 21:00:00;0,13666;0,1444;0,13423;0,14301;47502616,0;0,010363134577403448;4,646568125274399;1
2025-04-12 22:00:00;0,14302;0,14381;0,13655;0,14032;32989031,0;0,009657573905801282;-1,8878478534470757;0
2025-04-12 23:00:00;0,14031;0,14182;0,13602;0,14062;25657359,0;0,008960945905713457;0,22093934858527886;1
2025-04-13 00:00:00;0,14062;0,1465;0,13771;0,14006;49666803,0;0,008277076840697431;-0,3982363817380209;0
2025-04-13 01:00:00;0,14004;0,14933;0,13871;0,14825;51088583,0;0,007748855909697168;5,862610682662093;1
2025-04-13 02:00:00;0,14828;0,14845;0,1375;0,1403;40833252,0;0,007201383610851079;-5,381710277852703;0
2025-04-13 03:00:00;0,14031;0,14087;0,13136;0,13881;44385236,0;0,006630358840449448;-1,0690613641223017;0
2025-04-13 04:00:00;0,13878;0,13878;0,1276;0,13004;45291969,0;0,00591947374230084;-6,297737426142095;0
2025-04-13 05:00:00;0,13005;0,13284;0,127;0,13043;41172694,0;0,005150923215969206;0,292195309496341;1
2025-04-13 06:00:00;0,13041;0,1347;0,129;0,13314;21810386,0;0,004418014276279916;2,0933977455716666;1
2025-04-13 07:00:00;0,13312;0,13497;0,12926;0,13116;21279868,0;0,0037042057985010946;-1,4723557692307616;0
2025-04-13 08:00:00;0,13114;0,1348;0,13035;0,13322;20553545,0;0,0030642116026955834;1,5860912002440128;1
2025-04-13 09:00:00;0,13322;0,13888;0,13224;0,13626;32668930,0;0,0025455497885276553;2,2819396487013863;1
2025-04-13 10:00:00;0,13627;0,14358;0,13493;0,13599;56150028,0;0,002120016354730493;-0,20547442577236552;0
2025-04-13 11:00:00;0,13599;0,13905;0,13334;0,13525;25833680,0;0,001758522937399578;-0,5441576586513646;0
2025-04-13 12:00:00;0,13531;0,13766;0,13274;0,13743;20911985,0;0,0014868912412981257;1,5667725962604264;1
2025-04-13 13:00:00;0,13744;0,13963;0,13476;0,13584;26219024,0;0,0012570660662385835;-1,1641443538998966;0
2025-04-13 14:00:00;0,13583;0,13644;0,13;0,13328;34686386,0;0,0010217838113993393;-1,87734668335419;0
2025-04-13 15:00:00;0,13327;0,13638;0,12975;0,13545;22404928,0;0,000827707279888832;1,635776994072175;1
2025-04-13 16:00:00;0,13546;0,1435;0,13373;0,14005;38266521,0;0,0007411353110227897;3,388454156208483;1
2025-04-13 17:00:00;0,14005;0,145;0,13993;0,14325;36086912,0;0,0007758482987382259;2,284898250624763;1
2025-04-13 18:00:00;0,14325;0,145;0,14109;0,14385;26105387,0;0,0008925649697441764;0,418848167539279;1
2025-04-13 19:00:00;0,14387;0,1475;0,13522;0,13866;56116333,0;0,0009697237250851898;-3,621324807117531;0
2025-04-13 20:00:00;0,13867;0,14028;0,13474;0,13766;25291416,0;0,000999878943319003;-0,7283478762529626;0
2025-04-13 21:00:00;0,13764;0,14341;0,13525;0,13973;28510446,0;0,0010297391833940027;1,5184539378087625;1
2025-04-13 22:00:00;0,13976;0,1401;0,13039;0,1311;20748968,0;0,0009178156201669115;-6,196336576989125;0
2025-04-13 23:00:00;0,13111;0,13387;0,12123;0,12288;42886516,0;0,0005896547473694044;-6,277171840439326;0
2025-04-14 00:00:00;0,12291;0,12583;0,12145;0,12489;21761457,0;0,00017388768698240468;1,610934830363677;1
2025-04-14 01:00:00;0,12486;0,13009;0,12473;0,12891;25861660,0;-0,0002112536113195629;3,2436328688130693;1
2025-04-14 02:00:00;0,1289;0,13238;0,12565;0,12893;19412573,0;-0,0005562089539619373;0,023273855702096394;1
2025-04-14 03:00:00;0,12894;0,12939;0,12564;0,12845;13511586,0;-0,0008642837959977538;-0,3800217155265941;0
2025-04-14 04:00:00;0,12843;0,13116;0,12688;0,13057;8647981,0;-0,0010972996230372786;1,6662773495289287;1
2025-04-14 05:00:00;0,13057;0,13062;0,12801;0,12947;9034845,0;-0,001286103728666139;-0,8424599831507926;0
2025-04-14 06:00:00;0,12946;0,13473;0,12619;0,1273;24730407,0;-0,0014689891527085337;-1,6684690251815195;0
2025-04-14 07:00:00;0,12725;0,12746;0,1233;0,12407;36303735,0;-0,0016867623457720998;-2,499017681728882;0
2025-04-14 08:00:00;0,12408;0,12611;0,12216;0,12342;16328604,0;-0,001921512383723617;-0,5319148936170164;0
2025-04-14 09:00:00;0,12342;0,12464;0,11966;0,12181;25717977,0;-0,0021759042885414037;-1,3044887376438181;0
2025-04-14 10:00:00;0,12182;0,12501;0,1218;0,12423;14256806,0;-0,0023857026783480773;1,978328681661464;1
2025-04-14 11:00:00;0,12423;0,126;0,12162;0,12247;14278603,0;-0,0025791950116944478;-1,4167270385575126;0
2025-04-14 12:00:00;0,12247;0,12252;0,11513;0,1168;40913993,0;-0,0028369068682197497;-4,629705233934836;0
2025-04-14 13:00:00;0,11677;0,11781;0,11458;0,11698;18329632,0;-0,0031120229168952627;0,17984071251177686;1
2025-04-14 14:00:00;0,11698;0,11749;0,11252;0,11383;33256694,0;-0,0034267890186873004;-2,6927679945289795;0
2025-04-14 15:00:00;0,11384;0,11401;0,10619;0,10774;36845778,0;-0,0038392584942619984;-5,358397751229791;0
2025-04-14 16:00:00;0,10773;0,11056;0,10367;0,10517;27756214,0;-0,004323596622503932;-2,376311148240979;0
2025-04-14 17:00:00;0,10522;0,10605;0,10105;0,1029;26049231,0;-0,004853952997837424;-2,204904010644354;0
2025-04-14 18:00:00;0,10289;0,10581;0,10119;0,10392;19704749,0;-0,005358013916349651;1,0010691029254575;1
2025-04-14 19:00:00;0,10391;0,10539;0,10284;0,10397;18999379,0;-0,005806159927356514;0,05774227697045953;1
2025-04-14 20:00:00;0,10401;0,1052;0,10286;0,10377;15993243,0;-0,006185724473418673;-0,2307470435535084;0
2025-04-14 21:00:00;0,10372;0,10457;0,10241;0,10374;13029014,0;-0,006488786200352305;0,019282684149626153;1
2025-04-14 22:00:00;0,10374;0,10469;0,10162;0,10414;12018693,0;-0,0067068394231715855;0,38557933294775165;1
2025-04-14 23:00:00;0,10412;0,10412;0,10037;0,10297;16921213,0;-0,006863560675211465;-1,1044948136765254;0
2025-04-15 00:00:00;0,10294;0,10444;0,10094;0,10179;14682192,0;-0,006976807416854848;-1,1171556246357084;0
2025-04-15 01:00:00;0,10179;0,10575;0,09803;0,10378;19898730,0;-0,007009217753179279;1,9550054032812574;1
2025-04-15 02:00:00;0,10379;0,10383;0,09927;0,10103;22982776,0;-0,00701716161212171;-2,659215724058193;0
2025-04-15 03:00:00;0,10105;0,1035;0,10031;0,10223;12469229,0;-0,006974215096937993;1,167738743196438;1
2025-04-15 04:00:00;0,10222;0,10329;0,10045;0,10112;14903051,0;-0,006903436563218884;-1,0761103502250084;0
2025-04-15 05:00:00;0,10112;0,10181;0,09926;0,09995;11612956,0;-0,006821856125488579;-1,1570411392405107;0
2025-04-15 06:00:00;0,09994;0,10297;0,09871;0,10255;18362892,0;-0,006680751973431735;2,6115669401640997;1
2025-04-15 07:00:00;0,10252;0,1031;0,1;0,10115;15996943,0;-0,006516845820426916;-1,3363246195864185;0
2025-04-15 08:00:00;0,10112;0,102;0,09634;0,0978;16237880,0;-0,0063858341299588275;-3,2832278481012693;0
2025-04-15 09:00:00;0,09785;0,09888;0,09615;0,09678;26713928,0;-0,0062840267972079115;-1,0935104752171707;0
2025-04-15 10:00:00;0,09679;0,09791;0,09532;0,0969;14229543,0;-0,006189624000589841;0,11364810414298894;1
2025-04-15 11:00:00;0,0969;0,0969;0,09433;0,09564;17556884,0;-0,006110806133335092;-1,300309597523217;0
2025-04-15 12:00:00;0,09566;0,0967;0,09362;0,09523;17410286,0;-0,006038501907991311;-0,44950867656282656;0
2025-04-15 13:00:00;0,09522;0,09591;0,09333;0,09398;21330555,0;-0,005980250666808062;-1,3022474270111373;0
2025-04-15 14:00:00;0,09399;0,09535;0,09105;0,09221;23822773,0;-0,005948470305452851;-1,8938184913288687;0
2025-04-15 15:00:00;0,09221;0,09448;0,09175;0,0926;18215040,0;-0,005915167368504313;0,42294761956404014;1
2025-04-15 16:00:00;0,0926;0,0958;0,09221;0,09304;25001215,0;-0,005862154099688305;0,4751619870410323;1
2025-04-15 17:00:00;0,09303;0,09305;0,09083;0,09149;10003586,0;-0,005810934129606258;-1,6553799849510906;0
2025-04-15 18:00:00;0,0915;0,09352;0,09097;0,09331;11543024,0;-0,005721241868547846;1,9781420765027389;1
2025-04-15 19:00:00;0,0933;0,09474;0,09322;0,09393;9496051,0;-0,005589206131973298;0,6752411575562761;1
2025-04-15 20:00:00;0,09392;0,09439;0,09292;0,09315;5206438,0;-0,005437257369854144;-0,8198466780238574;0
2025-04-15 21:00:00;0,09311;0,09347;0,09259;0,09315;5294308,0;-0,005268400304906773;0,04295993985608245;1
2025-04-15 22:00:00;0,09314;0,09423;0,09161;0,09241;5417720,0;-0,005097595727506122;-0,783766373201626;0
2025-04-15 23:00:00;0,0924;0,09317;0,0916;0,09186;5549716,0;-0,004931680822192209;-0,5844155844155832;0
2025-04-16 00:00:00;0,09186;0,0945;0,09181;0,09335;7712811,0;-0,004742515824169192;1,6220335292836983;1
2025-04-16 01:00:00;0,09334;0,09865;0,0931;0,09467;31634632,0;-0,0045168254783065345;1,4248982215556008;1
2025-04-16 02:00:00;0,09467;0,09497;0,09017;0,09247;19963454,0;-0,004304877769072099;-2,3238618358508583;0
2025-04-16 03:00:00;0,09246;0,09379;0,09195;0,092;10079367,0;-0,004110341215657792;-0,4975124378109475;0
2025-04-16 04:00:00;0,09199;0,0931;0,09133;0,09252;8993923,0;-0,00391925096962447;0,5761495814762503;1
2025-04-16 05:00:00;0,09251;0,09296;0,08858;0,09046;14334020,0;-0,00376427139987357;-2,2159766511728423;0
2025-04-16 06:00:00;0,09046;0,09196;0,08934;0,0903;17078139,0;-0,0036340227581729547;-0,1768737563563934;0
2025-04-16 07:00:00;0,09032;0,09051;0,08692;0,08877;15050598,0;-0,003542230415537342;-1,7161204605845835;0
2025-04-16 08:00:00;0,08882;0,09093;0,08828;0,08964;30441976,0;-0,0034573998408970723;0,9232154920063064;1
2025-04-16 09:00:00;0,08962;0,09003;0,08784;0,08805;14745224,0;-0,003398867134232982;-1,7518411068957844;0
2025-04-16 10:00:00;0,08805;0,08831;0,08597;0,08618;15916982,0;-0,0033819738550617457;-2,123793299261779;0
2025-04-16 11:00:00;0,08614;0,08706;0,08514;0,08696;12676381,0;-0,0033719122889991427;0,9519387044346428;1
2025-04-16 12:00:00;0,08696;0,08858;0,08565;0,08708;16965861,0;-0,003357060352190817;0,13799448022080152;1
2025-04-16 13:00:00;0,08706;0,08826;0,08576;0,08603;10949417,0;-0,0033490851840191353;-1,1830921203767553;0
2025-04-16 14:00:00;0,08606;0,08842;0,08457;0,08681;21165008,0;-0,0033257606256685505;0,8714850104578209;1
2025-04-16 15:00:00;0,08682;0,08882;0,08664;0,0875;10570923,0;-0,0032754494506050244;0,7832296705828152;1
2025-04-16 16:00:00;0,08751;0,08757;0,08377;0,08502;14367160,0;-0,0032429625216492974;-2,8453890983887624;0
2025-04-16 17:00:00;0,08498;0,08803;0,08441;0,08479;16862202,0;-0,0032196286514376772;-0,22358201929865346;0
2025-04-16 18:00:00;0,0848;0,08882;0,08466;0,08746;16568416,0;-0,003153318465597702;3,136792452830184;1
2025-04-16 19:00:00;0,08748;0,08826;0,08592;0,0872;9353809,0;-0,0030605087447398904;-0,32007315957933524;0
2025-04-16 20:00:00;0,08721;0,08736;0,08369;0,084;11757935,0;-0,0030000334801899673;-3,6807705538355586;0
2025-04-16 21:00:00;0,08401;0,08542;0,08325;0,08522;9806721,0;-0,002936692969119534;1,4403047256279047;1
2025-04-16 22:00:00;0,08525;0,08581;0,08447;0,08501;7065977,0;-0,0028715341013365306;-0,28152492668622175;0
2025-04-16 23:00:00;0,08502;0,08522;0,08404;0,08468;4141450,0;-0,002807371408509004;-0,3999059044930523;0
2025-04-17 00:00:00;0,08469;0,08644;0,08438;0,08578;8458468,0;-0,0027232481883636005;1,2870468768449566;1
2025-04-17 01:00:00;0,08579;0,08629;0,0837;0,08418;7570670,0;-0,00265034420665139;-1,8766756032171583;0
2025-04-17 02:00:00;0,08419;0,08428;0,08255;0,08368;8882552,0;-0,002590230510846548;-0,6057726570851604;0
2025-04-17 03:00:00;0,08371;0,0847;0,08293;0,08396;5107096,0;-0,0025309138819754775;0,2986501015410348;1
2025-04-17 04:00:00;0,08397;0,08579;0,08393;0,08549;7049845,0;-0,0024450275938197232;1,8101702989162718;1
2025-04-17 05:00:00;0,08551;0,08584;0,08498;0,08573;4327951,0;-0,002337588486816049;0,25727985030990286;1
2025-04-17 06:00:00;0,08573;0,0861;0,08501;0,08552;8283752,0;-0,0022202952163732654;-0,24495509156654832;0
2025-04-17 07:00:00;0,08553;0,08566;0,0844;0,08457;9828616,0;-0,0021130704474873045;-1,12241318835495;0
2025-04-17 08:00:00;0,08458;0,08458;0,08206;0,08236;8611591,0;-0,00204822046416263;-2,624733979664223;0
2025-04-17 09:00:00;0,08235;0,08273;0,0813;0,08178;5793798,0;-0,0020179149712804836;-0,6921675774134802;0
2025-04-17 10:00:00;0,0818;0,08195;0,07981;0,08019;10092895,0;-0,002031618244749801;-1,968215158924206;0
2025-04-17 11:00:00;0,0802;0,08168;0,07982;0,08017;18681751,0;-0,002067875631523071;-0,03740648379050919;0
2025-04-17 12:00:00;0,08019;0,08027;0,07833;0,07919;16992827,0;-0,0021272910482251807;-1,2470382840753222;0
2025-04-17 13:00:00;0,07921;0,07925;0,07611;0,07655;19448361,0;-0,002235377946632264;-3,358161848251478;0
2025-04-17 14:00:00;0,07652;0,07716;0,07562;0,07627;10891744,0;-0,002367677450985493;-0,3267119707266077;0
2025-04-17 15:00:00;0,07626;0,07843;0,0761;0,07748;22406379,0;-0,002483516329889337;1,5997901914503003;1
2025-04-17 16:00:00;0,07751;0,07761;0,07558;0,07576;12272787,0;-0,002604746701572079;-2,2577731905560596;0
2025-04-17 17:00:00;0,07574;0,07726;0,07429;0,07673;12892487,0;-0,0027015887319760063;1,3071032479535314;1
2025-04-17 18:00:00;0,07673;0,07776;0,07578;0,07666;10305856,0;-0,0027730273452108386;-0,09122898475172764;0
2025-04-17 19:00:00;0,07665;0,07665;0,07424;0,07528;8093297,0;-0,002840495462329175;-1,7873450750163031;0
2025-04-17 20:00:00;0,07527;0,0764;0,07477;0,07624;5309864,0;-0,0028801478561698195;1,2886940348080225;1
2025-04-17 21:00:00;0,07623;0,07647;0,07469;0,07487;11050979,0;-0,002915580359831844;-1,7840745113472385;0
2025-04-17 22:00:00;0,07488;0,07555;0,07381;0,07478;7495223,0;-0,002941301187725935;-0,13354700854701237;0
2025-04-17 23:00:00;0,07479;0,07558;0,07432;0,07441;4503487,0;-0,0029587859106275007;-0,5080893167535653;0
2025-04-18 00:00:00;0,0744;0,07655;0,0739;0,0762;11051887,0;-0,0029348897482634074;2,419354838709691;1
2025-04-18 01:00:00;0,07624;0,0773;0,07536;0,07614;7804144,0;-0,002880577582567244;-0,1311647429171076;0
2025-04-18 02:00:00;0,07614;0,07628;0,0734;0,07349;8346248,0;-0,002845762171998432;-3,480430785395324;0
2025-04-18 03:00:00;0,07351;0,0752;0,07287;0,07486;10297549,0;-0,002796648413694248;1,8364848319956333;1
2025-04-18 04:00:00;0,07485;0,07588;0,07433;0,07455;4760830,0;-0,002739719093908752;-0,4008016032064058;0
2025-04-18 05:00:00;0,07456;0,07559;0,07343;0,07527;12875298,0;-0,0026631439071233623;0,9522532188841233;1
2025-04-18 06:00:00;0,07527;0,07699;0,07478;0,07671;8714537,0;-0,0025492250666946025;1,9131127939418051;1
2025-04-18 07:00:00;0,07673;0,07744;0,07583;0,07644;15661207,0;-0,002416369254211689;-0,37794865111431314;0
2025-04-18 08:00:00;0,07644;0,07895;0,07518;0,07542;17142755,0;-0,0022893747457014314;-1,3343799058084682;0
2025-04-18 09:00:00;0,07541;0,07685;0,07492;0,0755;8379529,0;-0,002166216949538788;0,11934756663571522;1
2025-04-18 10:00:00;0,07548;0,07638;0,07471;0,07525;5815848,0;-0,0020509714229095823;-0,30471648118707995;0
2025-04-18 11:00:00;0,07523;0,0756;0,07423;0,0752;6991252,0;-0,0019428496565339498;-0,03987770836102917;0
2025-04-18 12:00:00;0,07518;0,07557;0,07415;0,07479;5733514,0;-0,0018469740099072412;-0,518754988028733;0
2025-04-18 13:00:00;0,07479;0,07485;0,07328;0,07338;6856798,0;-0,0017820860528382763;-1,8852787805856326;0
2025-04-18 14:00:00;0,07339;0,07341;0,07058;0,07116;17778094,0;-0,0017713791820100594;-3,0385611118680966;0
2025-04-18 15:00:00;0,07117;0,07237;0,07098;0,07152;9352301,0;-0,001785412317023996;0,4917802444850402;1
2025-04-18 16:00:00;0,07151;0,07157;0,06935;0,07067;17001783,0;-0,0018237083060191218;-1,1746608865892985;0
2025-04-18 17:00:00;0,07069;0,07212;0,07031;0,07112;7859462,0;-0,0018638681555086536;0,6082897156599233;1
2025-04-18 18:00:00;0,07112;0,07127;0,06928;0,07121;10137597,0;-0,0018974069609917915;0,12654668166478186;1
2025-04-18 19:00:00;0,07122;0,07248;0,07092;0,07194;8620448,0;-0,001909066366842189;1,010951979780958;1
2025-04-18 20:00:00;0,07195;0,07395;0,07139;0,07158;12715370,0;-0,0019077934248853982;-0,5142460041695557;0
2025-04-18 21:00:00;0,07157;0,07183;0,07094;0,07114;6693659,0;-0,0019011531634827794;-0,6008103954170739;0
2025-04-18 22:00:00;0,07115;0,07215;0,07105;0,07122;4266039,0;-0,001885887397809339;0,09838369641602335;1
2025-04-18 23:00:00;0,07121;0,0714;0,07035;0,07062;3749433,0;-0,0018712899205420594;-0,828535318073295;0
2025-04-19 00:00:00;0,07063;0,07162;0,07021;0,07028;7995752,0;-0,001859035990552953;-0,49554013875124325;0
2025-04-19 01:00:00;0,07028;0,07053;0,06938;0,06968;6651562,0;-0,0018542288523603005;-0,8537279453613966;0
2025-04-19 02:00:00;0,0697;0,0712;0,06916;0,07049;10200426,0;-0,0018371919775752733;1,1334289813486358;1
2025-04-19 03:00:00;0,07048;0,07061;0,06978;0,07016;6684914,0;-0,0018144604670741866;-0,4540295119182759;0
2025-04-19 04:00:00;0,07017;0,07017;0,06618;0,06865;15749930,0;-0,0018093069382312933;-2,166167878010537;0
2025-04-19 05:00:00;0,06864;0,06928;0,06817;0,06859;5172978,0;-0,001812274592707282;-0,07284382284383503;0
2025-04-19 06:00:00;0,06861;0,0695;0,06848;0,06898;3453296,0;-0,0018098241155981717;0,5392799883398853;1
2025-04-19 07:00:00;0,06897;0,07124;0,06885;0,07094;8733628,0;-0,0017687105061175686;2,8563143395679274;1
2025-04-19 08:00:00;0,07094;0,07115;0,07005;0,07047;6142249,0;-0,0017089861641236361;-0,6625317169438937;0
2025-04-19 09:00:00;0,07047;0,07112;0,07015;0,0705;7345415,0;-0,0016363540665982437;0,042571306939106525;1
2025-04-19 10:00:00;0,07049;0,07193;0,07047;0,0708;8864308,0;-0,0015509232258371446;0,4397786920130582;1
2025-04-19 11:00:00;0,0708;0,0711;0,0702;0,07032;7187046,0;-0,0014660720585161558;-0,6779661016949269;0
2025-04-19 12:00:00;0,07034;0,0715;0,06949;0,07104;11122826,0;-0,0013712036034137368;0,9951663349445639;1
2025-04-19 13:00:00;0,07105;0,07161;0,07031;0,07062;5697594,0;-0,0012786052718988944;-0,6052076002814917;0
2025-04-19 14:00:00;0,07059;0,07093;0,07016;0,07032;4800920,0;-0,0011941560921550493;-0,38249043773906555;0
2025-04-19 15:00:00;0,07033;0,07203;0,07009;0,07157;10571210,0;-0,0010965768651838043;1,76311673539029;1
2025-04-19 16:00:00;0,07158;0,07174;0,0698;0,06984;9928227,0;-0,001020985062412263;-2,4308466051969897;0
2025-04-19 17:00:00;0,06984;0,07038;0,06873;0,06977;9948047,0;-0,0009619269760082468;-0,10022909507445678;0
2025-04-19 18:00:00;0,06976;0,07001;0,06928;0,06942;2706871,0;-0,0009197194446181433;-0,4873853211009274;0
2025-04-19 19:00:00;0,0694;0,06979;0,0685;0,06948;4891392,0;-0,0008872326115896997;0,11527377521613363;1
2025-04-19 20:00:00;0,06949;0,07062;0,06903;0,06987;6021176,0;-0,0008542971326296826;0,5468412721254934;1
2025-04-19 21:00:00;0,06986;0,07228;0,06985;0,07188;6775172,0;-0,0007887914912816712;2,8914972802748267;1
2025-04-19 22:00:00;0,07187;0,07403;0,07167;0,07376;12686910,0;-0,0006745132997411246;2,629748156393492;1
2025-04-19 23:00:00;0,07376;0,0745;0,07237;0,0725;29683251,0;-0,0005542212821099641;-1,7082429501084746;0
2025-04-20 00:00:00;0,0725;0,078;0,07211;0,07531;33453893,0;-0,0003903707298884643;3,875862068965527;1
2025-04-20 01:00:00;0,07531;0,07535;0,07255;0,07297;16227318,0;-0,0002442514482284728;-3,107157084052594;0
2025-04-20 02:00:00;0,07297;0,07341;0,07149;0,07184;22671895,0;-0,0001343773892109131;-1,548581608880351;0
2025-04-20 03:00:00;0,07186;0,07289;0,07105;0,07279;9082713,0;-3,751794488249653e-05;1,2941831338714171;1
2025-04-20 04:00:00;0,07278;0,07614;0,07267;0,07435;24942508,0;7,108105884378834e-05;2,1571860401209153;1
2025-04-20 05:00:00;0,07435;0,07566;0,07353;0,07472;17101399,0;0,00018708637753273046;0,49764626765298636;1
2025-04-20 06:00:00;0,07471;0,07671;0,07343;0,07562;16062982,0;0,00031558520712162157;1,2180430999866256;1
2025-04-20 07:00:00;0,07561;0,07646;0,07473;0,07542;14980940,0;0,00044126844060753633;-0,2512895119693106;0
2025-04-20 08:00:00;0,07543;0,07575;0,07327;0,07389;10315546,0;0,0005331823937764115;-2,0416279994697066;0
2025-04-20 09:00:00;0,07389;0,07404;0,07181;0,07205;7208569,0;0,0005685407790732683;-2,4901881174719103;0
2025-04-20 10:00:00;0,07204;0,07261;0,07165;0,07225;5705194,0;0,000568492748858544;0,29150471960020535;1
2025-04-20 11:00:00;0,07224;0,07282;0,0708;0,07171;7521863,0;0,0005363440865763479;-0,7336655592469583;0
2025-04-20 12:00:00;0,07171;0,07221;0,07099;0,07204;7368666,0;0,0004898031766072203;0,4601868637568134;1
2025-04-20 13:00:00;0,07203;0,07482;0,07175;0,07375;10936343,0;0,00046284692678345125;2,3878939330834363;1
2025-04-20 14:00:00;0,07373;0,07469;0,07191;0,07207;10500214,0;0,0004217207131058635;-2,251458022514592;0
2025-04-20 15:00:00;0,07206;0,07282;0,071;0,07117;9033518,0;0,0003585487835118755;-1,2350818762142686;0
2025-04-20 16:00:00;0,07117;0,07352;0,06969;0,07315;11546376,0;0,00031564314159911606;2,782071097372502;1
2025-04-20 17:00:00;0,07312;0,074;0,07211;0,07276;8296725,0;0,00028074756403902233;-0,4923413566739595;0
2025-04-20 18:00:00;0,07276;0,07405;0,0721;0,07303;8548884,0;0,000256369635292209;0,37108301264429966;1
2025-04-20 19:00:00;0,07299;0,0733;0,0718;0,0726;6632940,0;0,00023241717925089208;-0,5343197698314858;0
2025-04-20 20:00:00;0,0726;0,07389;0,07235;0,07246;5027028,0;0,00020722368458555698;-0,19283746556474;0
2025-04-20 21:00:00;0,07243;0,07306;0,07215;0,07266;4666908,0;0,00018529159407090147;0,3175479773574596;1
2025-04-20 22:00:00;0,07265;0,07274;0,07142;0,07234;6997525,0;0,0001610256747908995;-0,4267033723331104;0
2025-04-20 23:00:00;0,07233;0,07385;0,07223;0,07369;6435036,0;0,00015774046789421062;1,8802709802295037;1
2025-04-21 00:00:00;0,0737;0,07545;0,07302;0,07494;17783088,0;0,00018736127853857904;1,682496607869749;1
2025-04-21 01:00:00;0,07493;0,07535;0,07357;0,07394;12241568,0;0,00021967272143464745;-1,321233150940866;0
2025-04-21 02:00:00;0,07395;0,07436;0,0729;0,07369;6315950,0;0,00024748749871515604;-0,3515889114266347;0
2025-04-21 03:00:00;0,0737;0,07383;0,07278;0,07301;4949527,0;0,0002596126795957879;-0,936227951153319;0
2025-04-21 04:00:00;0,07301;0,07379;0,07161;0,07375;5822874,0;0,00027248286138851986;1,0135597863306267;1
2025-04-21 05:00:00;0,07373;0,07454;0,07316;0,07408;5019590,0;0,00028978923282958427;0,4747050047470354;1
2025-04-21 06:00:00;0,07407;0,07445;0,07362;0,07382;5323215,0;0,0003041602569824832;-0,33751856352099396;0
2025-04-21 07:00:00;0,07383;0,07412;0,07295;0,07409;3915314,0;0,0003195525590459365;0,3521603684139189;1
2025-04-21 08:00:00;0,07409;0,07635;0,07394;0,07534;7657965,0;0,00035399278343165963;1,6871372654879215;1
2025-04-21 09:00:00;0,07533;0,07616;0,07414;0,07445;8053217,0;0,0003835602116790812;-1,1681932828886128;0
2025-04-21 10:00:00;0,07446;0,07592;0,07408;0,07566;4910971,0;0,00042695412425835177;1,611603545527809;1
2025-04-21 11:00:00;0,07568;0,07609;0,07469;0,07577;8649836,0;0,0004775212996927275;0,118921775898529;1
2025-04-21 12:00:00;0,07578;0,07578;0,07413;0,07437;8263730,0;0,0005065091724501151;-1,8606492478226373;0
2025-04-21 13:00:00;0,07437;0,07595;0,07414;0,07571;6422888,0;0,0005406764446786252;1,8018018018017934;1
2025-04-21 14:00:00;0,0757;0,07841;0,07529;0,07597;20056815,0;0,0005792147964481639;0,3566710700132001;1
2025-04-21 15:00:00;0,07595;0,07622;0,07374;0,07416;12943511,0;0,0005882749715490645;-2,356813693219223;0
2025-04-21 16:00:00;0,0742;0,07466;0,07278;0,0735;16331497,0;0,0005665131350653617;-0,9433962264151027;0
2025-04-21 17:00:00;0,07351;0,07871;0,07254;0,07851;37375063,0;0,0006052138761732098;6,801795674057938;1
2025-04-21 18:00:00;0,07851;0,08224;0,07846;0,07916;44087931,0;0,0006887735982862402;0,827920010189782;1
2025-04-21 19:00:00;0,07915;0,08153;0,07888;0,08085;15418571,0;0,0008214628305292738;2,147820593809232;1
2025-04-21 20:00:00;0,08087;0,08494;0,08024;0,08103;33854513,0;0,0009789892140284458;0,1978483986645324;1
2025-04-21 21:00:00;0,08102;0,08303;0,08003;0,0828;9888398,0;0,001169833251227741;2,196988397926443;1
2025-04-21 22:00:00;0,08281;0,08915;0,08263;0,08415;49505931,0;0,0013904279634372315;1,6181620577225067;1
2025-04-21 23:00:00;0,08415;0,08472;0,08091;0,08131;14472932,0;0,0015696262751533846;-3,374925727866915;0
2025-04-22 00:00:00;0,08131;0,08495;0,08112;0,08396;18821058,0;0,0017521859599059064;3,2591317181158694;1
2025-04-22 01:00:00;0,08397;0,08425;0,08268;0,083;8405534,0;0,0019079725822670605;-1,1551744670715716;0
2025-04-22 02:00:00;0,083;0,085;0,08043;0,08186;16498033,0;0,0020162750859861597;-1,3734939759036169;0
2025-04-22 03:00:00;0,08187;0,08252;0,08085;0,08136;8680351,0;0,0020765653611056253;-0,6229388054232278;0
2025-04-22 04:00:00;0,08135;0,08188;0,07886;0,07919;8676917,0;0,002064247990518532;-2,6551936078672513;0
2025-04-22 05:00:00;0,0792;0,07971;0,0773;0,07775;8890994,0;0,0019793880534668953;-1,830808080808089;0
2025-04-22 06:00:00;0,07775;0,07841;0,07651;0,07729;8231267,0;0,0018416578821610625;-0,5916398713826394;0
2025-04-22 07:00:00;0,0773;0,07935;0,0768;0,07921;11184220,0;0,0017044446832494616;2,470892626131965;1
2025-04-22 08:00:00;0,07917;0,08234;0,07876;0,08175;21219034,0;0,0016113878975575328;3,2588101553618776;1
2025-04-22 09:00:00;0,08174;0,0822;0,08045;0,08049;9104773,0;0,0015271104436234769;-1,5292390506483817;0
2025-04-22 10:00:00;0,0805;0,08671;0,08015;0,08438;32666908,0;0,0015113357526074266;4,819875776397509;1
2025-04-22 11:00:00;0,08436;0,08622;0,08229;0,08336;20095898,0;0,001519606057473344;-1,1853959222380286;0
2025-04-22 12:00:00;0,08336;0,08361;0,08133;0,08201;12754743,0;0,0015175118057538534;-1,6194817658349376;0
2025-04-22 13:00:00;0,082;0,08255;0,08009;0,08094;20872879,0;0,0014885010934595614;-1,2926829268292748;0
2025-04-22 14:00:00;0,08095;0,08157;0,08025;0,08112;9206236,0;0,0014436196543988664;0,2100061766522588;1
2025-04-22 15:00:00;0,08113;0,0823;0,07915;0,08065;17875295,0;0,0013803546337615002;-0,5916430420313008;0
2025-04-22 16:00:00;0,08063;0,08258;0,08051;0,08133;11964251,0;0,001316586492684964;0,8681632146843685;1
2025-04-22 17:00:00;0,08136;0,0817;0,0806;0,081;6841130,0;0,001247580112591454;-0,4424778761061937;0
2025-04-22 18:00:00;0,08098;0,0817;0,0807;0,0808;2898818,0;0,0011728735636088053;-0,22227710545813734;0
2025-04-22 19:00:00;0,08081;0,08229;0,08037;0,08189;8108073,0;0,001113227597232379;1,3364682588788486;1
2025-04-22 20:00:00;0,0819;0,0834;0,08155;0,08337;5008328,0;0,0010872233171149517;1,7948717948717936;1
2025-04-22 21:00:00;0,08337;0,085;0,08278;0,08401;7271715,0;0,0010914010058791456;0,7676622286194095;1
2025-04-22 22:00:00;0,08402;0,08463;0,08341;0,08373;7115890,0;0,0011073224065407496;-0,34515591525827016;0
2025-04-22 23:00:00;0,08386;0,08537;0,08371;0,08448;6201031,0;0,0011392119123876108;0,7393274505127541;1
2025-04-23 00:00:00;0,08447;0,08655;0,08439;0,08508;13010600,0;0,0011864143718050251;0,7221498756955125;1
2025-04-23 01:00:00;0,08507;0,08626;0,08376;0,0847;11568006,0;0,0012319735065352533;-0,4349359351122713;0
2025-04-23 02:00:00;0,08469;0,08598;0,08415;0,08549;7640327,0;0,0012839104238425586;0,9446215609871238;1
2025-04-23 03:00:00;0,08548;0,08745;0,08528;0,08603;9993665,0;0,0013428112857351302;0,6434253626579257;1
2025-04-23 04:00:00;0,086;0,08634;0,08486;0,0855;12084622,0;0,001391472953671425;-0,5813953488371938;0
2025-04-23 05:00:00;0,08549;0,0857;0,08364;0,08498;8818333,0;0,0014196982235355126;-0,5965610012866962;0
2025-04-23 06:00:00;0,08501;0,08504;0,0832;0,08421;7681967,0;0,0014181140600086788;-0,9410657569697788;0
2025-04-23 07:00:00;0,08421;0,08536;0,08372;0,08455;7982285,0;0,001400121298233652;0,4037525234532799;1
2025-04-23 08:00:00;0,08455;0,08517;0,08382;0,08424;4036345,0;0,001364650126667942;-0,36664695446481926;0
2025-04-23 09:00:00;0,08425;0,08598;0,08394;0,08559;6949619,0;0,0013385114317447544;1,5905044510385684;1
2025-04-23 10:00:00;0,08558;0,08772;0,08511;0,08763;7561680,0;0,001349088656202035;2,3954194905351676;1
2025-04-23 11:00:00;0,08763;0,08911;0,08502;0,08558;15573267,0;0,0013463428333907344;-2,3393814903571792;0
2025-04-23 12:00:00;0,08558;0,08903;0,08517;0,08798;28234795,0;0,0013706123338669766;2,8043935498948342;1
2025-04-23 13:00:00;0,08799;0,09079;0,08672;0,08967;21663005,0;0,001434381328495366;1,9093078758949893;1
2025-04-23 14:00:00;0,08968;0,09186;0,08576;0,08601;29917227,0;0,0014579025571679544;-4,092328278322918;0
2025-04-23 15:00:00;0,086;0,08685;0,08391;0,08577;33547323,0;0,001447812329534029;-0,2674418604651094;0
2025-04-23 16:00:00;0,08578;0,08599;0,08361;0,08425;23129656,0;0,0013896334692431352;-1,7836325483795639;0
2025-04-23 17:00:00;0,08424;0,08512;0,07817;0,08249;16911675,0;0,0012731163897768127;-2,077397910731246;0
2025-04-23 18:00:00;0,08247;0,08443;0,08235;0,08282;12809834,0;0,001128505330059107;0,42439675033345836;1
2025-04-23 19:00:00;0,08281;0,0837;0,082;0,08251;3591227,0;0,0009663482976332904;-0,3622750875498065;0
2025-04-23 20:00:00;0,0825;0,08294;0,08188;0,08215;3478835,0;0,0007937482360415071;-0,4242424242424279;0
2025-04-23 21:00:00;0,08217;0,08221;0,07986;0,08079;5434689,0;0,0006001435480336056;-1,6794450529390363;0
2025-04-23 22:00:00;0,08079;0,08079;0,07954;0,08019;11508257,0;0,0003925821466620933;-0,7426661715558897;0
2025-04-23 23:00:00;0,08019;0,08021;0,078;0,07836;10137543,0;0,00015706230405955935;-2,2820800598578357;0
2025-04-24 00:00:00;0,07837;0,07931;0,07664;0,07796;21488136,0;-9,037475167740695e-05;-0,5231593722087454;0
2025-04-24 01:00:00;0,07796;0,07825;0,07632;0,07725;8937529,0;-0,00034343187938779983;-0,9107234479220141;0
2025-04-24 02:00:00;0,07726;0,07828;0,07596;0,07616;6080321,0;-0,0006033534492086569;-1,4237639140564198;0
2025-04-24 03:00:00;0,07616;0,07657;0,0742;0,07447;17491035,0;-0,0008795397985743328;-2,219012605042031;0
2025-04-24 04:00:00;0,07447;0,07464;0,07333;0,07453;8951362,0;-0,0011484805377766825;0,08056935678797435;1
2025-04-24 05:00:00;0,07453;0,07617;0,07453;0,07553;6855533,0;-0,0013802095155332301;1,341741580571583;1
2025-04-24 06:00:00;0,07555;0,07646;0,07429;0,07449;7619383,0;-0,0015899140821182011;-1,4030443414957052;0
2025-04-24 07:00:00;0,07449;0,07449;0,0736;0,0737;6222211,0;-0,001783801367368117;-1,06054503960263;0
2025-04-24 08:00:00;0,0737;0,07412;0,07271;0,07317;7718179,0;-0,0019620009915462203;-0,7191316146540063;0
2025-04-24 09:00:00;0,07314;0,07336;0,07262;0,07299;3831344,0;-0,0021194263726647443;-0,20508613617719082;0
2025-04-24 10:00:00;0,07298;0,07385;0,0728;0,07309;5935822,0;-0,0022491523190715295;0,15072622636338584;1
2025-04-24 11:00:00;0,0731;0,07472;0,07294;0,07413;8034052,0;-0,002332997482271123;1,409028727770182;1
2025-04-24 12:00:00;0,07414;0,07417;0,0729;0,07313;9113478,0;-0,002394327200187891;-1,3622875640679755;0
2025-04-24 13:00:00;0,07315;0,07384;0,07179;0,07294;11482103,0;-0,0024359038510618066;-0,28708133971292116;0
2025-04-24 14:00:00;0,07295;0,07371;0,07228;0,07349;14618899,0;-0,00244859329906861;0,7402330363262493;1
2025-04-24 15:00:00;0,07349;0,07575;0,07326;0,07534;11605208,0;-0,0024074150971798445;2,5173492992243904;1
2025-04-24 16:00:00;0,07537;0,07658;0,07453;0,07606;6678779,0;-0,0023176581598494403;0,915483614170089;1
2025-04-24 17:00:00;0,07604;0,07612;0,07457;0,07496;5073083,0;-0,0022144256650314005;-1,4203051025775877;0
2025-04-24 18:00:00;0,07495;0,07536;0,07476;0,07495;2639895,0;-0,0021032709899436925;0,0;0
2025-04-24 19:00:00;0,07496;0,0759;0,07461;0,07556;2714145,0;-0,0019784517837173267;0,8004268943436544;1
2025-04-24 20:00:00;0,07558;0,07658;0,07548;0,07625;2844174,0;-0,001836093304320269;0,8864779042074675;1
2025-04-24 21:00:00;0,07626;0,07647;0,0746;0,0751;3514869,0;-0,0017043669653217812;-1,5211119853133943;0
2025-04-24 22:00:00;0,07512;0,07574;0,07456;0,07483;3847380,0;-0,001586633053539814;-0,38604898828542655;0
2025-04-24 23:00:00;0,07482;0,07691;0,07431;0,07637;9665044,0;-0,00145565507201879;2,0716385993049933;1
2025-04-25 00:00:00;0,07635;0,07756;0,07568;0,07702;6966169,0;-0,0013095539436595329;0,8775376555337314;1
2025-04-25 01:00:00;0,07701;0,07814;0,07647;0,07691;6986419,0;-0,0011604030298372305;-0,1298532658096208;0
2025-04-25 02:00:00;0,0769;0,07762;0,07543;0,07662;6223769,0;-0,001019141294330003;-0,3641092327698342;0
2025-04-25 03:00:00;0,07661;0,0775;0,07632;0,07652;8753300,0;-0,0008895021289856951;-0,11747813601356594;0
2025-04-25 04:00:00;0,07652;0,07749;0,076;0,07641;3115995,0;-0,0007736712951940625;-0,14375326711970593;0
2025-04-25 05:00:00;0,07641;0,07654;0,07544;0,07581;3742895,0;-0,0006803765960098343;-0,7852375343541464;0
2025-04-25 06:00:00;0,07584;0,07872;0,07555;0,07825;9584812,0;-0,000565618280876353;3,177742616033749;1
2025-04-25 07:00:00;0,0783;0,0796;0,07777;0,07882;10457093,0;-0,00043303963202469205;0,6641123882503277;1
2025-04-25 08:00:00;0,07882;0,079;0,077;0,07762;5330531,0;-0,0003143998493133483;-1,5224562293834136;0
2025-04-25 09:00:00;0,0776;0,07822;0,07668;0,07757;8904423,0;-0,0002107971112553033;-0,038659793814435885;0
2025-04-25 10:00:00;0,07755;0,07768;0,0767;0,07689;6423885,0;-0,00013241888178697008;-0,8510638297872263;0
2025-04-25 11:00:00;0,07688;0,07834;0,07678;0,07764;5707258,0;-6,169198054235115e-05;0,9885535900104017;1
2025-04-25 12:00:00;0,07765;0,078;0,07613;0,07645;7582335,0;-1,8313551114498708e-05;-1,5453960077269708;0
2025-04-25 13:00:00;0,07647;0,07768;0,07629;0,07734;4732078,0;1,9890587543354258e-05;1,1377010592389298;1
2025-04-25 14:00:00;0,07734;0,0783;0,07626;0,07772;10182926,0;5,8866200301664756e-05;0,49133695371087593;1
2025-04-25 15:00:00;0,07773;0,07814;0,07595;0,07646;5871160,0;7,604545997481016e-05;-1,6338608002058324;0
2025-04-25 16:00:00;0,07646;0,07697;0,0754;0,07632;4834002,0;7,625568140094261e-05;-0,18310227569971388;0
2025-04-25 17:00:00;0,07631;0,0779;0,07564;0,07568;4969662,0;5,5434389910535226e-05;-0,8255798715764716;0
2025-04-25 18:00:00;0,07567;0,07648;0,07535;0,07566;5292697,0;2,2077005570717633e-05;-0,013215276860045094;0
2025-04-25 19:00:00;0,07567;0,07593;0,07534;0,0757;2311136,0;-1,680125101831581e-05;0,039645830580153626;1
2025-04-25 20:00:00;0,07569;0,07647;0,07462;0,07612;5878554,0;-5,036267277194611e-05;0,5681067512220899;1
2025-04-25 21:00:00;0,07612;0,07768;0,07465;0,0749;7971036,0;-9,818186101482773e-05;-1,6027325275880175;0
2025-04-25 22:00:00;0,07489;0,07676;0,07477;0,07621;2999647,0;-0,00013130671898749468;1,7625851248497821;1
2025-04-25 23:00:00;0,07623;0,07795;0,07611;0,0778;7135327,0;-0,0001278181996914005;2,0595566050111347;1
2025-04-26 00:00:00;0,07781;0,0797;0,07779;0,07865;10488328,0;-8,77114216949331e-05;1,0795527567150667;1
2025-04-26 01:00:00;0,07861;0,07995;0,07823;0,07931;4796651,0;-1,6025665532359783e-05;0,8904719501335787;1
2025-04-26 02:00:00;0,07932;0,08167;0,07901;0,08093;10196044,0;9,757797614468161e-05;2,029752899647;1
2025-04-26 03:00:00;0,08095;0,08134;0,07959;0,08058;5318144,0;0,00022569320023029898;-0,4570722668313717;0
2025-04-26 04:00:00;0,0806;0,08083;0,07971;0,07977;3052818,0;0,0003427505139071604;-1,0297766749379793;0
2025-04-26 05:00:00;0,07976;0,08127;0,0797;0,08048;5311060,0;0,0004572870433312957;0,9027081243731173;1
2025-04-26 06:00:00;0,08047;0,08054;0,07975;0,0803;2340695,0;0,0005603253553432732;-0,21125885423139493;0
2025-04-26 07:00:00;0,08032;0,08053;0,07945;0,07973;3387568,0;0,0006403842569393781;-0,7345617529880567;0
2025-04-26 08:00:00;0,07973;0,08165;0,07944;0,07989;4972434,0;0,0007029364306539703;0,20067728583971828;1
2025-04-26 09:00:00;0,07989;0,08027;0,07892;0,07993;2800898,0;0,000750272680508722;0,050068844661407395;1
2025-04-26 10:00:00;0,07994;0,08033;0,07932;0,08014;2156512,0;0,0007872308437797127;0,2501876407305551;1
2025-04-26 11:00:00;0,08014;0,08064;0,07915;0,07937;2512307,0;0,0008016676568295163;-0,9608185675068714;0
2025-04-26 12:00:00;0,07938;0,08146;0,07938;0,0808;5825177,0;0,0008222193743401686;1,7888636936255864;1
2025-04-26 13:00:00;0,08077;0,08225;0,07977;0,0813;8944129,0;0,0008516296442146905;0,6561842268168908;1
2025-04-26 14:00:00;0,08129;0,08344;0,08091;0,08244;11931773,0;0,0009012975461091247;1,4146881535244165;1
2025-04-26 15:00:00;0,08245;0,08329;0,08156;0,08179;9322921,0;0,0009486342560167638;-0,8004851425106051;0
2025-04-26 16:00:00;0,08178;0,08178;0,0801;0,08076;5127839,0;0,0009734331736047211;-1,2472487160675065;0
2025-04-26 17:00:00;0,08074;0,08113;0,07994;0,0802;9049178,0;0,0009716527153156609;-0,6688134753530006;0
2025-04-26 18:00:00;0,08018;0,08249;0,07988;0,08241;6362723,0;0,0009863508198964671;2,781242205038658;1
2025-04-26 19:00:00;0,08241;0,08261;0,08061;0,08091;3365619,0;0,000984427152543274;-1,820167455405899;0
2025-04-26 20:00:00;0,08091;0,08191;0,08069;0,08159;2543878,0;0,000980791416619668;0,8404399950562355;1
2025-04-26 21:00:00;0,0816;0,08166;0,08026;0,08032;2573776,0;0,000953775650275002;-1,5686274509803964;0
2025-04-26 22:00:00;0,08033;0,0814;0,08;0,08052;1830698,0;0,0009145389804770264;0,2365243371094183;1
2025-04-26 23:00:00;0,08055;0,08118;0,0803;0,081;1366591,0;0,0008752730365484887;0,5586592178771024;1
2025-04-27 00:00:00;0,08099;0,08103;0,08003;0,0805;3420015,0;0,0008280749975496462;-0,6050129645635316;0
2025-04-27 01:00:00;0,08052;0,08066;0,07871;0,07908;4002992,0;0,0007538368531492987;-1,7883755588673584;0
2025-04-27 02:00:00;0,07906;0,07961;0,0788;0,07904;1957348,0;0,0006641858574273464;-0,025297242600564283;0
2025-04-27 03:00:00;0,07902;0,08014;0,0787;0,0797;2107142,0;0,0005785901390404031;0,860541635029089;1
2025-04-27 04:00:00;0,07969;0,07972;0,07751;0,078;4112139,0;0,0004715820278351951;-2,1207177814029325;0
2025-04-27 05:00:00;0,07799;0,07914;0,07789;0,07833;2559551,0;0,0003609527120826636;0,4359533273496513;1
2025-04-27 06:00:00;0,07834;0,07947;0,07826;0,07852;2084134,0;0,00025606172179956264;0,22976767934643808;1
2025-04-27 07:00:00;0,07851;0,07912;0,07841;0,07886;4104865,0;0,000165106846750204;0,44580308240988803;1
2025-04-27 08:00:00;0,07886;0,07906;0,07832;0,0789;1863240,0;8,79167283245811e-05;0,050722799898552336;1
2025-04-27 09:00:00;0,0789;0,0793;0,07857;0,07872;1970486,0;2,0328351362188963e-05;-0,22813688212927705;0
2025-04-27 10:00:00;0,07872;0,07885;0,07751;0,07789;2622493,0;-5,09872433297479e-05;-1,0543699186991837;0
2025-04-27 11:00:00;0,07789;0,07805;0,07728;0,07765;2323497,0;-0,00012461335415703018;-0,30812684555142394;0
2025-04-27 12:00:00;0,07764;0,07818;0,07676;0,07697;1844891,0;-0,0002063930331530525;-0,8629572385368418;0
2025-04-27 13:00:00;0,07697;0,07822;0,07636;0,07812;4771355,0;-0,0002701781949897398;1,494088605950368;1
2025-04-27 14:00:00;0,07811;0,07902;0,07763;0,07837;2518980,0;-0,00031473662375280996;0,3328639098706905;1
2025-04-27 15:00:00;0,07837;0,07837;0,07717;0,07749;1533199,0;-0,00035823081985365596;-1,1228786525456067;0
2025-04-27 16:00:00;0,07752;0,0776;0,07571;0,07636;3467530,0;-0,0004159899474364802;-1,4963880288957794;0
2025-04-27 17:00:00;0,07634;0,07782;0,07601;0,07779;1508296,0;-0,00045589928875309636;1,8993974325386336;1
2025-04-27 18:00:00;0,0778;0,07838;0,07742;0,07807;1831476,0;-0,0004770222930617541;0,34704370179949406;1
2025-04-27 19:00:00;0,07805;0,07805;0,07674;0,07746;1339184,0;-0,0004939080459302982;-0,7559256886611062;0
2025-04-27 20:00:00;0,07745;0,07809;0,07724;0,07753;1032108,0;-0,0005050102671568186;0,10329244673982793;1
2025-04-27 21:00:00;0,07755;0,07899;0,07748;0,07861;2128019,0;-0,0004935236962308083;1,3668600902643526;1
2025-04-27 22:00:00;0,07861;0,07906;0,07811;0,07811;2232610,0;-0,00047533342067373476;-0,6360513929525511;0
2025-04-27 23:00:00;0,07811;0,07821;0,07743;0,0782;1212526,0;-0,0004513756787772811;0,11522212264755696;1
2025-04-28 00:00:00;0,07819;0,07887;0,07747;0,07778;2563113,0;-0,0004307309833572052;-0,5243637293771501;0
2025-04-28 01:00:00;0,07777;0,07885;0,07772;0,07843;3636361,0;-0,0004018929769224465;0,8486562942008409;1
2025-04-28 02:00:00;0,07845;0,07931;0,07785;0,07835;3362220,0;-0,0003697916557117097;-0,12746972594009287;0
2025-04-28 03:00:00;0,07833;0,08067;0,07802;0,08045;2853348,0;-0,0003029806528342876;2,7064981488573943;1
2025-04-28 04:00:00;0,08041;0,08185;0,08006;0,08077;5799196,0;-0,00021212066979733855;0,4477055092650158;1
2025-04-28 05:00:00;0,08076;0,08263;0,08026;0,08117;4817229,0;-0,00010408505005653193;0,5076770678553834;1
2025-04-28 06:00:00;0,08119;0,08284;0,08067;0,08166;4522319,0;1,710741501665129e-05;0,5788890257420843;1
2025-04-28 07:00:00;0,08165;0,08292;0,08151;0,08265;3454367,0;0,00015594910710909862;1,2247397428046551;1
2025-04-28 08:00:00;0,08265;0,08268;0,08118;0,08204;3186784,0;0,0002884870485578147;-0,7380520266182691;0
2025-04-28 09:00:00;0,08206;0,0835;0,08193;0,08245;5315105,0;0,0004160098535303943;0,4752620034121392;1
2025-04-28 10:00:00;0,08249;0,08422;0,08193;0,08337;3848907,0;0,0005474342040326903;1,0667959752697367;1
2025-04-28 11:00:00;0,08338;0,08441;0,08295;0,08319;4810158,0;0,0006702949779084013;-0,22787239146077684;0
2025-04-28 12:00:00;0,08319;0,08409;0,0823;0,08289;3366480,0;0,000775033640446537;-0,3606202668589911;0
2025-04-28 13:00:00;0,08289;0,08412;0,0827;0,08302;6823240,0;0,0008632307565535483;0,1568343587887456;1
2025-04-28 14:00:00;0,08303;0,08406;0,08227;0,0826;18550989,0;0,0009277681810467146;-0,5178851017704442;0
2025-04-28 15:00:00;0,08261;0,0834;0,0811;0,0817;7448454,0;0,0009576194650539603;-1,1015615542912578;0
2025-04-28 16:00:00;0,08171;0,08453;0,08109;0,08317;7563143,0;0,0009854356775379019;1,7868070003671386;1
2025-04-28 17:00:00;0,08318;0,08395;0,08309;0,08371;2941664,0;0,0010168875521675376;0,6371723972108713;1
2025-04-28 18:00:00;0,0837;0,08377;0,08314;0,08338;1996460,0;0,0010413867804642202;-0,3823178016726414;0
2025-04-28 19:00:00;0,08337;0,08436;0,08325;0,08412;2949489,0;0,0010696766713868884;0,899604174163369;1
2025-04-28 20:00:00;0,08414;0,08488;0,08371;0,08468;2436733,0;0,0011053559368042305;0,6417874970287601;1
2025-04-28 21:00:00;0,08451;0,08641;0,08427;0,08536;4796002,0;0,0011521260260270007;1,0057981303987735;1
2025-04-28 22:00:00;0,08536;0,088;0,08511;0,08731;6596843,0;0,0012318810462317456;2,2844423617619416;1
2025-04-28 23:00:00;0,08731;0,08732;0,08545;0,08652;5472429,0;0,001312717797511368;-0,9048218989806426;0
2025-04-29 00:00:00;0,08651;0,09021;0,08651;0,08772;10292723,0;0,0014061483105428964;1,3986822332678335;1
2025-04-29 01:00:00;0,0877;0,09029;0,0868;0,0893;8934612,0;0,0015245776483527847;1,8244013683010312;1
2025-04-29 02:00:00;0,08932;0,09006;0,08805;0,0884;6682917,0;0,001634633708432918;-1,0300044782803295;0
2025-04-29 03:00:00;0,08839;0,08904;0,08781;0,08822;4503876,0;0,0017270747839752507;-0,19232944903268426;0
2025-04-29 04:00:00;0,08821;0,08879;0,08715;0,08787;3754245,0;0,0017941088161686513;-0,38544382723046494;0
2025-04-29 05:00:00;0,08788;0,09192;0,08739;0,08971;21725993,0;0,0018669711595242795;2,082385070550749;1
2025-04-29 06:00:00;0,08972;0,09029;0,08713;0,08782;13693500,0;0,0019052579598893853;-2,1176995095853757;0
2025-04-29 07:00:00;0,08785;0,09165;0,0875;0,09133;12084875,0;0,001971523954121886;3,961297666476946;1
2025-04-29 08:00:00;0,09132;0,09492;0,09089;0,09431;23946682,0;0,002094903649760802;3,2742006132282153;1
2025-04-29 09:00:00;0,09431;0,0945;0,09144;0,09252;15721079,0;0,002214280225712672;-1,8979959707348104;0
2025-04-29 10:00:00;0,09252;0,09412;0,09146;0,0933;10961505,0;0,002332287458333392;0,8430609597924654;1
2025-04-29 11:00:00;0,09332;0,09456;0,09271;0,09373;11077555,0;0,00244479492292066;0,4393484783540439;1
2025-04-29 12:00:00;0,09375;0,09538;0,09055;0,09177;18605026,0;0,002511114574818177;-2,1119999999999957;0
2025-04-29 13:00:00;0,09177;0,09366;0,09133;0,09315;12058020,0;0,0025613017707427185;1,503759398496232;1
2025-04-29 14:00:00;0,09314;0,09389;0,09135;0,09252;6131628,0;0,0025828575531753528;-0,6656645909383675;0
2025-04-29 15:00:00;0,09254;0,09369;0,09116;0,09161;5107061,0;0,0025649323572389795;-1,0049708234277073;0
2025-04-29 16:00:00;0,09161;0,09243;0,09066;0,09083;6352560,0;0,0025049104732064753;-0,8514354328130148;0
2025-04-29 17:00:00;0,09086;0,09187;0,09041;0,09071;9772682,0;0,002414025919391873;-0,1650891481399927;0
2025-04-29 18:00:00;0,09066;0,09135;0,0905;0,09077;3081151,0;0,0023040167721374225;0,12133245091550737;1
2025-04-29 19:00:00;0,09076;0,09121;0,0905;0,09115;2116552,0;0,0021885989192846986;0,4297047157338051;1
2025-04-29 20:00:00;0,09114;0,09123;0,08876;0,09002;9312606,0;0,0020528246394389315;-1,2288786482334826;0
2025-04-29 21:00:00;0,09004;0,09006;0,08839;0,0892;8141471,0;0,001893647433949692;-0,932918702798749;0
2025-04-29 22:00:00;0,0892;0,08927;0,08848;0,08878;3120618,0;0,0017171291999484235;-0,4708520179372239;0
2025-04-29 23:00:00;0,08882;0,08912;0,08775;0,08825;2836767,0;0,0015266257974942158;-0,6417473541995058;0
2025-04-30 00:00:00;0,08824;0,09062;0,08783;0,08886;5811942,0;0,0013435959702750959;0,7026291931096957;1
2025-04-30 01:00:00;0,08888;0,08919;0,08725;0,08835;3197880,0;0,0011636460820768607;-0,5963096309630993;0
2025-04-30 02:00:00;0,08834;0,09028;0,08773;0,09018;4910324,0;0,0010216043068751518;2,0828616708172905;1
2025-04-30 03:00:00;0,09019;0,09113;0,08876;0,08972;5335783,0;0,0009011011928627514;-0,5211220756181528;0
2025-04-30 04:00:00;0,08971;0,09073;0,08884;0,08991;6466855,0;0,0008013926139078643;0,22294058633374847;1
2025-04-30 05:00:00;0,0899;0,09018;0,08849;0,08884;3635001,0;0,0007010467741959881;-1,1790878754171208;0
2025-04-30 06:00:00;0,08883;0,09372;0,08837;0,09303;13814774,0;0,0006708129819621816;4,72813238770685;1
2025-04-30 07:00:00;0,09304;0,09502;0,09133;0,09221;17437328,0;0,0006714974285793958;-0,8920894239036945;0
2025-04-30 08:00:00;0,09222;0,09435;0,09183;0,09375;7430273,0;0,0007145642706000417;1,6590761223162043;1
2025-04-30 09:00:00;0,09374;0,09504;0,09214;0,09229;10260393,0;0,000757015858145173;-1,5468316620439586;0
2025-04-30 10:00:00;0,09227;0,0947;0,09146;0,09371;5046841,0;0,0008177863121234671;1,560637260214584;1
2025-04-30 11:00:00;0,09372;0,098;0,09301;0,09664;24278092,0;0,00093173552739064;3,115663679043967;1
2025-04-30 12:00:00;0,09662;0,09837;0,09509;0,09593;21235074,0;0,001059591504768139;-0,7141378596563819;0
2025-04-30 13:00:00;0,09594;0,09679;0,09345;0,09371;15222973,0;0,0011516277228200312;-2,3243693975401247;0
2025-04-30 14:00:00;0,09369;0,10526;0,0936;0,10414;43355745,0;0,001380167884911684;11,153805101931905;1
2025-04-30 15:00:00;0,10414;0,10869;0,10271;0,10533;42987261,0;0,00169812569486183;1,1426925292874943;1
2025-04-30 16:00:00;0,10535;0,10569;0,103;0,10455;12369410,0;0,0020391460639854675;-0,7593735168485953;0
2025-04-30 17:00:00;0,10455;0,10753;0,10099;0,1075;17738728,0;0,002419162647852995;2,8216164514586266;1
2025-04-30 18:00:00;0,1075;0,10943;0,10472;0,10507;14113944,0;0,002759417214575826;-2,260465116279071;0
2025-04-30 19:00:00;0,10508;0,1065;0,10338;0,10522;10504076,0;0,003053016905027445;0,1332318233726564;1
2025-04-30 20:00:00;0,10523;0,10855;0,10449;0,10592;14161639,0;0,0033061928900431727;0,6557065475624785;1
2025-04-30 21:00:00;0,1059;0,10843;0,1059;0,10655;8918721,0;0,003523275975821807;0,6137865911237127;1
2025-04-30 22:00:00;0,10656;0,11;0,10643;0,10793;12011192,0;0,003720343712907722;1,285660660660657;1
2025-04-30 23:00:00;0,10793;0,10838;0,10466;0,10524;13704174,0;0,0038431388059904864;-2,492356156768274;0
2025-05-01 00:00:00;0,10524;0,10579;0,10155;0,10291;10818190,0;0,0038670110431239394;-2,2139870771569736;0
2025-05-01 01:00:00;0,10293;0,10594;0,10244;0,10489;9215335,0;0,0038504049716915714;1,9042067424463263;1
2025-05-01 02:00:00;0,10489;0,111;0,10476;0,11045;21436922,0;0,003889229099269236;5,300791305176861;1
2025-05-01 03:00:00;0,11046;0,11274;0,1076;0,10894;18343698,0;0,003927805068884971;-1,3760637334781889;0
2025-05-01 04:00:00;0,10892;0,11086;0,107;0,11026;9102454,0;0,00397631084862133;1,2302607418288596;1
2025-05-01 05:00:00;0,11029;0,11137;0,10576;0,10695;8990981,0;0,003966625754285011;-3,02837972617644;0
2025-05-01 06:00:00;0,10699;0,10771;0,10494;0,10506;8243526,0;0,0038817808674597226;-1,8039069071875888;0
2025-05-01 07:00:00;0,1051;0,10529;0,10213;0,10371;11759722,0;0,0037238891626174683;-1,322549952426263;0
2025-05-01 08:00:00;0,10372;0,10379;0,10137;0,10361;12168874,0;0,003518407133203335;-0,10605476282299735;0
2025-05-01 09:00:00;0,10361;0,10385;0,10182;0,10318;6072096,0;0,003278988557432633;-0,4150178554193609;0
2025-05-01 10:00:00;0,10319;0,1059;0,10227;0,10259;16744548,0;0,0030139633456214444;-0,581451691055338;0
2025-05-01 11:00:00;0,10259;0,1035;0,09957;0,10271;11966056,0;0,0027418265477473546;0,11697046495759345;1
2025-05-01 12:00:00;0,1027;0,10382;0,10163;0,10237;7205885,0;0,0024678245273913467;-0,3213242453748753;0
2025-05-01 13:00:00;0,10236;0,1028;0,10122;0,10126;3741183,0;0,0021836829873960687;-1,0746385306760489;0
2025-05-01 14:00:00;0,10126;0,1035;0,10126;0,10266;4235604,0;0,0019254404890684737;1,382579498321152;1
2025-05-01 15:00:00;0,10266;0,10376;0,10062;0,10103;10836466,0;0,0016665743404413432;-1,5877654393142475;0
2025-05-01 16:00:00;0,10105;0,10301;0,10032;0,10178;11388846,0;0,001429054843086259;0,7224146462147397;1
2025-05-01 17:00:00;0,1018;0,10235;0,09977;0,10076;6009632,0;0,0011978355683998766;-1,0216110019646358;0
2025-05-01 18:00:00;0,10078;0,10129;0,09948;0,10079;7866754,0;0,0009804345705984648;0,009922603691218496;1
2025-05-01 19:00:00;0,10078;0,10099;0,09997;0,10062;1960747,0;0,0007781442611667396;-0,1587616590593307;0
2025-05-01 20:00:00;0,10063;0,10112;0,10007;0,10077;1308544,0;0,0005965490449713178;0,13912352181258197;1
2025-05-01 21:00:00;0,10075;0,10255;0,10034;0,10179;6893357,0;0,0004523584819212066;1,0322580645161281;1
2025-05-01 22:00:00;0,1018;0,10346;0,1014;0,10198;2345610,0;0,0003411714609410496;0,17681728880157133;1
2025-05-01 23:00:00;0,10199;0,10215;0,09786;0,09939;11622077,0;0,00021439949201978656;-2,5492695362290334;0
2025-05-02 00:00:00;0,09942;0,09953;0,09755;0,09846;3466225,0;6,91785091027769e-05;-0,9656004828002299;0
2025-05-02 01:00:00;0,09846;0,09939;0,0974;0,09854;2855791,0;-7,887455301843206e-05;0,08125126955108342;1
2025-05-02 02:00:00;0,09854;0,09902;0,09745;0,0985;3221775,0;-0,00022139992693302968;-0,04059265272985424;0
2025-05-02 03:00:00;0,09848;0,09848;0,09667;0,09724;4496433,0;-0,00037258718624070717;-1,2591389114541074;0
2025-05-02 04:00:00;0,09724;0,09751;0,09666;0,09697;2885296,0;-0,0005247365522897588;-0,27766351295762287;0
2025-05-02 05:00:00;0,097;0,09926;0,09672;0,0975;9216294,0;-0,0006598612058202017;0,5154639175257736;1
2025-05-02 06:00:00;0,09749;0,09818;0,09711;0,09799;1689623,0;-0,0007679100207645751;0,5128731151913022;1
2025-05-02 07:00:00;0,09801;0,09898;0,0976;0,09781;2698719,0;-0,0008544456998100227;-0,20406081012142202;0
2025-05-02 08:00:00;0,09782;0,09791;0,09706;0,09742;1939030,0;-0,0009272357863994924;-0,40891433244734976;0
2025-05-02 09:00:00;0,09741;0,0981;0,0967;0,09681;2007955,0;-0,0009952134611294764;-0,615953187557749;0
2025-05-02 10:00:00;0,09683;0,09774;0,0967;0,09711;1656680,0;-0,0010495566897254865;0,28916658060518685;1
2025-05-02 11:00:00;0,09712;0,09853;0,09686;0,09802;2300156,0;-0,001075594679269019;0,9266886326194379;1
2025-05-02 12:00:00;0,09801;0,10048;0,09697;0,0982;6424256,0;-0,0010772032461841723;0,193857769615341;1
2025-05-02 13:00:00;0,0982;0,09965;0,09742;0,09944;3321576,0;-0,0010411769606593567;1,2627291242362577;1
2025-05-02 14:00:00;0,09942;0,102;0,09853;0,09886;7402952,0;-0,0009903309445030161;-0,5632669483001318;0
2025-05-02 15:00:00;0,09885;0,0991;0,0975;0,09761;3148328,0;-0,0009505474958758457;-1,2544258978249785;0
2025-05-02 16:00:00;0,09763;0,09799;0,09692;0,09734;3228478,0;-0,000921924566663084;-0,2970398443101491;0
2025-05-02 17:00:00;0,09733;0,09769;0,09687;0,09746;1623368,0;-0,0008977815135624445;0,13356621802117036;1
2025-05-02 18:00:00;0,09743;0,0981;0,09702;0,09748;830402,0;-0,000875346664766273;0,05131889561736066;1
2025-05-02 19:00:00;0,09749;0,0997;0,09749;0,09873;1936593,0;-0,0008332204451240034;1,2719253256744334;1
2025-05-02 20:00:00;0,09874;0,09953;0,09838;0,09866;1501353,0;-0,0007801781129437724;-0,0810208628721863;0
2025-05-02 21:00:00;0,09867;0,10113;0,09867;0,09938;5453926,0;-0,0007098089763857956;0,7195702847876785;1
2025-05-02 22:00:00;0,09942;0,10034;0,09911;0,10024;1336475,0;-0,0006169300049801105;0,8247837457252075;1
2025-05-02 23:00:00;0,10023;0,10127;0,09984;0,10095;2097353,0;-0,0005020774307350613;0,7183478000598608;1
2025-05-03 00:00:00;0,10095;0,10146;0,09914;0,10135;5000798,0;-0,000371946887250301;0,3962357602773627;1
2025-05-03 01:00:00;0,10134;0,10196;0,09941;0,10187;4765119,0;-0,00022991802826008038;0,5229919084270798;1
2025-05-03 02:00:00;0,10188;0,10273;0,09997;0,10056;4047213,0;-0,000108253178305789;-1,2956419316843362;0
2025-05-03 03:00:00;0,10057;0,10192;0,10009;0,10156;2918593,0;1,04711796701049e-05;0,984388982798042;1
2025-05-03 04:00:00;0,10157;0,10437;0,10124;0,10305;10880341,0;0,00014487698104844599;1,4571231662892676;1
2025-05-03 05:00:00;0,10307;0,10426;0,1021;0,10425;4510010,0;0,00030088092834797966;1,1448530125157665;1
2025-05-03 06:00:00;0,10421;0,105;0,10006;0,10257;12079853,0;0,0004347550030824776;-1,5737453219460729;0
2025-05-03 07:00:00;0,10258;0,10315;0,10059;0,10106;3387051,0;0,0005226585395209986;-1,4817703255995394;0
2025-05-03 08:00:00;0,10105;0,10427;0,10096;0,10293;6810609,0;0,0006057840978193444;1,8604651162790624;1
2025-05-03 09:00:00;0,10296;0,10423;0,1015;0,10214;3937652,0;0,0006675726397593312;-0,7964257964257976;0
2025-05-03 10:00:00;0,10214;0,1025;0,10014;0,10134;6216573,0;0,0006984634298977754;-0,7832386919913796;0
2025-05-03 11:00:00;0,10135;0,10181;0,09954;0,09998;2692126,0;0,0006850788163929023;-1,351751356684752;0
2025-05-03 12:00:00;0,09999;0,10329;0,0999;0,10244;6276195,0;0,000682331311246561;2,450245024502458;1
2025-05-03 13:00:00;0,1024;0,10241;0,10013;0,1002;8615188,0;0,0006491019054864683;-2,148437500000007;0
2025-05-03 14:00:00;0,1002;0,10059;0,09419;0,0949;16227833,0;0,0005124711362123324;-5,289421157684631;0
2025-05-03 15:00:00;0,09492;0,09629;0,09358;0,09523;6378868,0;0,0003222897380851594;0,3265908133164674;1
2025-05-03 16:00:00;0,09524;0,0953;0,09146;0,09219;12449640,0;5,927747838364075e-05;-3,202435951280986;0
2025-05-03 17:00:00;0,0922;0,09227;0,0902;0,09151;9202098,0;-0,00024658032533655467;-0,7483731019522886;0
2025-05-03 18:00:00;0,09153;0,09261;0,08997;0,09071;5790380,0;-0,000575460840838481;-0,8958811318693338;0
2025-05-03 19:00:00;0,09071;0,0922;0,09021;0,09172;3817805,0;-0,0008841055342152645;1,1134384301620515;1
2025-05-03 20:00:00;0,09174;0,09229;0,09095;0,09131;3944806,0;-0,001168413396671713;-0,4687159363418354;0
2025-05-03 21:00:00;0,09129;0,09137;0,09014;0,09029;1190717,0;-0,0014361739708403877;-1,0954102311315599;0
2025-05-03 22:00:00;0,0903;0,09074;0,08937;0,08991;3342928,0;-0,0016823159206082444;-0,4318936877076428;0
2025-05-03 23:00:00;0,0899;0,0899;0,08852;0,08865;5010521,0;-0,001918272793508881;-1,3904338153503752;0
2025-05-04 00:00:00;0,08865;0,08952;0,08771;0,08819;3504694,0;-0,002138443507985107;-0,5188945290468155;0
2025-05-04 01:00:00;0,08817;0,08873;0,08628;0,08742;7303067,0;-0,0023445890064894793;-0,8506294658046962;0
2025-05-04 02:00:00;0,08738;0,08925;0,08706;0,08765;7130107,0;-0,0025221239753884985;0,3089951934081098;1
2025-05-04 03:00:00;0,08766;0,08774;0,08584;0,08644;5412883,0;-0,0026859761547683393;-1,3917408167921503;0
2025-05-04 04:00:00;0,08644;0,08692;0,08553;0,08588;3693785,0;-0,0028354754147219075;-0,647848218417405;0
2025-05-04 05:00:00;0,08586;0,08598;0,08477;0,08521;4271455,0;-0,0029723683812603657;-0,7570463545306448;0
2025-05-04 06:00:00;0,08521;0,08569;0,08423;0,08535;3486617,0;-0,0030851755647770536;0,16429996479286615;1
2025-05-04 07:00:00;0,08536;0,08568;0,08384;0,08493;4453596,0;-0,0031766418226717554;-0,5037488284910963;0
2025-05-04 08:00:00;0,08495;0,08676;0,08471;0,08515;6608763,0;-0,0032391870086569503;0,2354326074161339;1
2025-05-04 09:00:00;0,08517;0,08548;0,08447;0,08463;4738670,0;-0,003281239838946578;-0,6340260655160255;0
2025-05-04 10:00:00;0,08463;0,08503;0,08368;0,08454;3271821,0;-0,0033022012669526963;-0,10634526763558177;0
2025-05-04 11:00:00;0,08452;0,08667;0,08435;0,08659;3049402,0;-0,0032686112425620996;2,4491244675816404;1
2025-05-04 12:00:00;0,08659;0,08757;0,08564;0,08625;5438937,0;-0,0032005649444605626;-0,39265504099781384;0
2025-05-04 13:00:00;0,08624;0,08757;0,085;0,08708;6290961,0;-0,0030939523207553013;0,9740259740259827;1
2025-05-04 14:00:00;0,0871;0,08947;0,08706;0,08912;7550791,0;-0,0029291571294909335;2,3191733639494925;1
2025-05-04 15:00:00;0,08911;0,08988;0,08754;0,08831;4019742,0;-0,0027427800036187834;-0,897766805072377;0
2025-05-04 16:00:00;0,08829;0,08829;0,08663;0,08724;1798659,0;-0,002563465810793473;-1,1892626571525602;0
2025-05-04 17:00:00;0,08727;0,08824;0,08661;0,08785;2328068,0;-0,002382403623009914;0,6646041022115242;1
2025-05-04 18:00:00;0,08784;0,08796;0,08559;0,08639;1861509,0;-0,002227600872451411;-1,6507285974499166;0
2025-05-04 19:00:00;0,08639;0,08655;0,08535;0,08582;1681762,0;-0,0021013889085078024;-0,6597985877995152;0
2025-05-04 20:00:00;0,08583;0,08657;0,08533;0,08595;1908360,0;-0,001992849770960303;0,13981125480600617;1
2025-05-04 21:00:00;0,08596;0,08676;0,08558;0,08621;2057180,0;-0,001892387163672773;0,29083294555607286;1
2025-05-04 22:00:00;0,08622;0,08698;0,08541;0,08659;2529143,0;-0,001791877373765142;0,42913477151472434;1
2025-05-04 23:00:00;0,08658;0,08825;0,08622;0,08719;6304038,0;-0,0016829501994098364;0,7045507045507039;1
2025-05-05 00:00:00;0,08718;0,08776;0,0858;0,08639;4043680,0;-0,0015833850628611437;-0,9061711401697626;0
2025-05-05 01:00:00;0,08639;0,08722;0,08555;0,08695;2902560,0;-0,0014823639114396941;0,6482231739784755;1
2025-05-05 02:00:00;0,08695;0,08906;0,08661;0,08886;5085871,0;-0,0013518743121122521;2,1966647498562337;1
2025-05-05 03:00:00;0,08888;0,08973;0,08823;0,08847;3235960,0;-0,0012128959681654838;-0,46129612961296984;0
2025-05-05 04:00:00;0,08845;0,08905;0,08811;0,08868;3165940,0;-0,0010697676553806407;0,2600339174674891;1
2025-05-05 05:00:00;0,08867;0,08965;0,08853;0,0888;4329404,0;-0,0009271884983979652;0,14661102966054484;1
2025-05-05 06:00:00;0,0888;0,08968;0,08869;0,08879;3200895,0;-0,0007904740706638333;-0,011261261261272524;0
2025-05-05 07:00:00;0,08882;0,08889;0,08731;0,0878;2747532,0;-0,0006785955593070754;-1,1483900022517373;0
2025-05-05 08:00:00;0,08783;0,08851;0,08757;0,08807;2625617,0;-0,0005822942267666708;0,27325515199816713;1
2025-05-05 09:00:00;0,08811;0,08834;0,08685;0,08695;1956343,0;-0,0005173464226505627;-1,3165361479968158;0
2025-05-05 10:00:00;0,08696;0,08721;0,0854;0,08549;3963562,0;-0,0004975693840927529;-1,690432382704691;0
2025-05-05 11:00:00;0,08551;0,08699;0,08469;0,08694;3262580,0;-0,00048287328691674826;1,672319027014385;1
2025-05-05 12:00:00;0,08698;0,08741;0,08504;0,0853;3261106,0;-0,0004971968953319189;-1,9314785008047837;0
2025-05-05 13:00:00;0,0853;0,08654;0,08445;0,08539;5467128,0;-0,0005263895160518014;0,10550996483000336;1
2025-05-05 14:00:00;0,08541;0,08633;0,08507;0,08577;2365946,0;-0,0005561089939595759;0,42149631190726994;1
2025-05-05 15:00:00;0,08577;0,08631;0,0851;0,08558;1867986,0;-0,0005863646057495885;-0,22152267692665933;0
2025-05-05 16:00:00;0,0856;0,08604;0,08454;0,08494;7863532,0;-0,000624244589370246;-0,7710280373831705;0
2025-05-05 17:00:00;0,08495;0,08607;0,0843;0,08578;2430628,0;-0,0006500931611180395;0,9770453207769246;1
2025-05-05 18:00:00;0,08578;0,08597;0,08453;0,0849;4824594,0;-0,0006796038443727167;-1,025880158545106;0
2025-05-05 19:00:00;0,08486;0,08528;0,08396;0,08409;2377808,0;-0,0007212369916847414;-0,9073768559981226;0
2025-05-05 20:00:00;0,08409;0,08439;0,0824;0,0832;5624268,0;-0,0007808413714432861;-1,0583898204304933;0
2025-05-05 21:00:00;0,08318;0,084;0,08313;0,08367;1160001,0;-0,0008393069405281029;0,5890839144024891;1
2025-05-05 22:00:00;0,08369;0,08406;0,08368;0,0839;208547,0;-0,0008884113974425414;0,25092603656351037;1
