ret_diff,ret_diff_3v,rsi_diff,macd_diff,macd_signal_diff,rolling_corr,volatility_ratio,target
-0.014922741242870366,-0.0010312828305570967,0.23226428571436888,-484.03266106815363,-547.9274333492756,0.6468045953065821,9.775854231225878,0
0.016131926112481296,0.023243152337379565,22.022628571428488,-465.0272719618879,-531.3473956453945,0.3240522198025829,9.193568681636345,0
-0.04691175907145519,-0.04570257420184426,30.540099999999832,-434.50406630590174,-511.97872882319166,0.5502689244851016,14.394367773289355,0
0.00848023171668256,-0.022299601242291335,10.408814285713703,-414.24211124085406,-492.4314057879131,0.7738469779987942,18.56177389665249,0
0.009520732822319506,-0.028910794532453127,-29.606742857143146,-417.70222724712625,-477.48557052767075,0.6473351810284556,12.44634844430643,0
0.012966538108277036,0.03096750264727911,-73.88317142857206,-465.7794012809032,-475.1443363440695,0.6201726327002203,7.858443529655907,0
0.010953030580195176,0.03344030151079172,-104.18917857142846,-527.6146572267022,-485.6383994976139,0.8390550137643235,8.416660572236344,0
0.041800079230949416,0.06571964791942163,-127.92593571428534,-584.4574087869113,-505.40219913913455,-0.10721041145673545,5.70263474282309,1
-0.011387778763472765,0.04136533104767182,-132.44812857142907,-594.4753022944384,-523.216817738877,0.5958781856899661,4.9597401537487515,1
0.02709980397900019,0.057512104446476836,-127.67957857142869,-603.646692079132,-539.3027904962893,0.5511251348787746,5.105467566941591,1
-0.009212985502760146,0.006499039712767277,-140.7083714285715,-637.2421749410207,-558.890665626274,0.35327299982018856,6.678296538879217,1
-6.460031122007331e-05,0.01782221816501997,-114.602514285714,-637.5862052280195,-574.6297722318285,0.44569024071178254,6.792986962187636,0
0.0036876432053562554,-0.005589942608623964,-139.27256428571394,-676.3697474001046,-594.9777662443298,0.4295064113223783,3.567333300223744,0
0.002406077370989541,0.006029120265125723,-117.35492142857106,-687.1330131864377,-613.4088148877039,0.16134693635853545,3.2800114913726963,0
-0.0004485905769147539,0.005645129999431042,-123.65644285714218,-685.1889112068023,-627.7648336433492,0.5296898443138451,1.3735319136281876,0
0.010519392925892797,0.012476879719967584,-123.3466357142853,-671.1415618300518,-636.440178907725,0.7101729902648857,1.6561704420580219,0
-0.021316341303079158,-0.011245538954101115,-148.22982142857134,-669.944049242305,-643.1409527895249,0.0785126996894064,3.436812974838305,1
-0.020758987420173167,-0.031555935797359526,-123.67334285714294,-642.5499685762868,-643.0227559411219,-0.09212155894633194,7.009482312999237,1
0.007123576426254025,-0.0349517522969983,-105.16567857142861,-617.1508473530462,-637.8483742803392,0.08730649197526791,7.876644266587851,1
-0.004227047492747997,-0.01786245848666714,-69.57446428571374,-600.5958640715182,-630.3978723234122,0.1284415323741268,7.334209500973104,0
-0.002872791871886016,2.3737061620011414e-05,14.841535714286007,-515.9803403513831,-607.5143660361005,0.23730392558198785,2.558196280704058,0
0.0029459628910134196,-0.004153876473620593,35.20048571428517,-435.47772676922875,-573.1070382849964,0.5290730215841083,2.811014698110171,0
-0.0002464560858021472,-0.00017328506667474365,3.6068928571428573,-374.87070912599796,-533.4597725408088,0.8052166444636573,1.604875376268771,0
-0.00523153411331026,-0.0025320273080989874,24.82751428571433,-307.5122645775991,-488.2702710251487,0.8357345227220406,1.3316155763783915,0
-0.0065965960171303906,-0.012074586216242798,36.670407142856355,-271.2969807956638,-444.87561304464987,0.7613541632777033,1.2325281996720092,0
0.008859375710419786,-0.002968754420020864,1.7960214285706386,-260.0643362483961,-407.91335773206663,0.5489534671934394,3.0080415186869156,0
0.0071585927313158985,0.009421372424605294,59.32004285714285,-229.83668587136592,-372.2980233914224,0.3431549109412647,2.6855895294002754,0
-0.010101068343144549,0.0059169000985911345,59.94594285714211,-190.92101685703304,-336.0226221097891,0.46011707520179035,3.274783882685313,1
-0.005211787711089842,-0.008154263322918492,62.659299999999625,-152.67920053424297,-299.3539378157185,0.40141784536596387,3.4371849017873823,0
-0.009344064482662824,-0.024656920536897213,119.83735714285639,-52.40492706646274,-249.96413568638084,0.8118579656943955,2.604578182427813,0
-0.027659971600319105,-0.042215823794071766,100.17515714285715,-12.660793849471734,-202.50346733995556,-0.08172887924361574,1.852707339431678,1
0.0005528811413485703,-0.036451154941633354,100.71963571428576,38.0512413462221,-154.39252562126595,-0.08524989142257317,1.4572033119499421,0
0.01486024121677774,-0.012246849242192792,76.87294285714286,47.331075439244394,-114.04780542222275,0.3496139455679146,2.5602869451702923,0
0.03303607151545544,0.04844919387358176,48.38967142857085,11.874130207962851,-88.86341830196334,0.5358592597456884,3.656452230935916,0
0.0009750210221784654,0.048871333754411654,-7.858350000000291,-14.058478064059488,-73.90243025637132,0.3079538361714573,5.6911272026913355,0
-0.02703161876263304,0.006979473775000876,38.16081428571457,25.507092915118466,-54.0205256241563,0.9817967137585492,4.623051685109009,0
-0.015673978258728648,-0.041730575999183214,79.1906357142855,94.61003375442425,-24.294413751139643,0.9896806936842867,4.675653309662176,0
-0.02575684424653937,-0.06846244126790105,57.57570714285755,139.13487188471166,8.391443372688991,0.8388084179820835,4.996360384411556,0
-0.026785547142116096,-0.0682163696473841,94.89685714285719,194.05119188875568,45.5233930720375,0.579644869528305,3.406185397782128,0
0.024957229222573936,-0.027585162166081523,82.7282214285718,201.04249281297632,76.62721301732289,0.8017190810679939,4.776657491293238,0
-0.004699632074321791,-0.006527949993863945,25.785971428570598,159.0987559893054,93.12152160966876,0.7391805866098133,4.686214716617871,0
0.007047530441799386,0.027305127590051537,21.47312857142882,132.22093891171625,100.9414050687581,0.6239248542730563,5.857918622769509,1
0.009740421396721734,0.012088319764199336,-48.71224285714265,36.84894551059927,88.12291315652433,0.7082672459355285,3.974282590158713,0
-0.008257175210328562,0.008530776628192564,-69.06560714285673,7.549331486720636,72.00819682222237,0.7371910613330126,2.513480700082877,1
0.010910487605939281,0.01239373379233246,-55.43487857142833,-39.68488155761544,49.66958114617958,0.8288875558890575,1.9896000833261926,1
-0.00031174653200761104,0.002341565863603115,-51.822792857142105,-52.776298801851105,29.18040515660575,0.9479851850299418,2.081562800453564,1
-0.009281565786517712,0.0013171752874139644,-28.44676428571466,-66.3432734249338,10.075669440339263,0.9087559781921049,2.2619170104051327,0
0.0017873479262528855,-0.007805964392272432,12.432385714286504,-72.75046834955462,-6.4895581175888895,0.8228367373602452,2.8245724522187863,0
-0.0019725981008476942,-0.009466815961112514,-2.3726357142852152,-91.4933000531204,-23.490306504642067,0.6232965529901756,3.209847423990776,0
-0.0018644921634489373,-0.002049742338043739,-32.95923571428597,-79.57168145674754,-34.70658149502494,0.2924195835237525,1.5991859444555028,0
0.024881207591905787,0.021044117327609163,-82.6322928571429,-86.40497061985315,-45.046259319910746,0.5690509371154712,5.6291796036919735,0
0.04795844748519827,0.07097516291365513,-94.32137142857162,-112.36597391270189,-58.51020223830411,0.7257857256073867,8.299819911746374,0
-0.027528183315908582,0.045311471761195495,-128.05127857142782,-147.4773757237527,-76.30363693524723,0.3883829975850903,10.42570208705171,1
-0.01711506049611593,0.0033152036731737694,-44.04562142857168,-113.31025009809731,-83.70495956772241,0.6216445367792105,6.442232981063195,0
0.026060844889420183,-0.01858239892260432,-78.41555714285718,-168.76468181185663,-100.71690401645843,0.6631420268343122,4.831152491009724,0
-0.034061634503037015,-0.025115850109732753,9.060764285714036,-104.79710329915206,-101.53294387295074,0.8070630197769771,4.0353791851480105,0
0.0032391905856378757,-0.004761599027978946,57.0509142857137,-72.69702513244795,-95.765760124825,0.910875844145282,3.1178277326394235,0
0.01808417544965431,-0.012738268467744816,-20.976799999999795,-88.01904173548317,-94.21641644693398,0.99663852942896,3.17740212604853,0
-0.005708894762300261,0.01561447127299194,-8.479685714285424,-109.2561512536576,-97.22436340826151,0.9889420446949709,3.236789218744238,1
0.01053284029040765,0.02290812097776171,-24.84770714285814,-119.46659022245026,-101.6728087710842,0.9586162138291895,3.331724649887366,0
0.011941089007241397,0.016765034535348798,-16.969757142857183,-121.21822199241673,-105.58189141533637,0.5023494697522713,3.5701998697815234,0
-0.012164078557980669,0.010309850739668388,-8.95110000000079,-108.78771547991984,-106.22305622824335,0.6834996219600329,4.6466494084714896,0
-0.002099981118882536,-0.0023229706696217957,18.799421428571303,-81.36894772933186,-101.2522345284552,0.20799049562257832,7.0709351345236255,0
0.009007470100008626,-0.005256589576854567,-10.630657142857185,-66.26399318411613,-94.25458625958292,0.724320287652122,8.387923143494154,0
-0.012868205490614373,-0.005960716509488271,-19.55996428571366,-80.72719577592602,-91.54910816284902,0.035853815165834,4.3672880967561865,0
0.013594874282197413,0.009734138891591679,-4.013628571428073,-95.36845692719422,-92.31297791571579,0.17481839503602817,4.748929691416135,0
-0.014529728186707771,-0.013803059395124719,-7.433771428571928,-125.62446930101012,-98.97527619277345,-0.32940331711508775,4.69407817713033,0
0.012285709555771155,0.01135085565126081,-71.6628500000002,-159.633925166949,-111.1070059876074,-0.8859975267688386,9.212209651324228,0
-0.008706565921829128,-0.010950584552765732,-4.776157142857184,-193.2754776714084,-127.54070032436688,-0.6712587794417121,9.57183287200247,1
0.017699930278132242,0.02127907391207428,-103.1798000000002,-221.8368045924112,-146.39992117797487,-0.7276143967774569,14.616842825477038,0
0.006889940396395962,0.015883304752699084,-74.95197142857147,-229.37200052811963,-162.99433704800285,-0.37521434713574575,7.429105267305795,0
0.021235182952014892,0.04582505362654311,-61.21473571428629,-258.61995286150545,-182.1194602107021,0.491829723139047,6.218447423014835,0
0.0022313570907210112,0.030356480439131875,-61.56582857142903,-289.21563019470995,-203.53869420750246,0.4359517208372928,6.362095654352448,1
0.014833428317583578,0.03829996836031949,-76.13479285714236,-320.9782118912971,-227.0265977442602,0.6859412869877061,4.483374347766989,1
-0.012526829703796408,0.004537955704508193,-55.449557142856605,-314.21753531629605,-244.46478525866647,0.9109361932115814,5.011225922617838,0
-0.015489990269920921,-0.01318339165613374,-63.07895714285643,-301.4390031931211,-255.8596288455569,0.888574848916668,6.312264951430368,0
0.0004768129583386689,-0.02754000701537865,-94.26435000000075,-306.3802410551666,-265.96375128747854,0.784085635748456,5.287299723548617,0
0.003186182420583062,-0.01182699489099918,-71.27402857142862,-288.3885346614409,-270.4487079622709,0.6494964681313373,4.9256008047125395,0
-0.01752307822503229,-0.013860082846110547,-15.440342857143397,-235.70313410522013,-263.49959319086076,0.7002879022309034,3.6676333471409914,0
-0.005509536045990419,-0.019846431850439633,4.685157142856894,-173.49264021498422,-245.49820259568557,0.6464072653733759,3.7061618447973137,1
-0.004138965897290254,-0.027171580168312948,26.573292857143148,-118.20199059367137,-220.0389601952829,0.8024286293051254,3.4538870937499424,0
-0.004543499156738061,-0.014192001100018722,64.05162857142932,-43.4161470875092,-184.71439757372832,0.7095472167867345,4.884100050150529,0
-0.012193660807762477,-0.02087612586179078,92.46058571428617,38.58374593661311,-140.05476887166023,0.770671270695899,4.07909273839155,0
0.0023482345411185643,-0.014388925423381962,110.51196428571446,118.1423658804185,-88.41534192124462,0.5118037839430222,4.103874171290377,0
-0.004149615349510553,-0.013995041616154454,97.95087857142937,177.41378879697572,-35.24951577760067,0.538897489031796,3.0716955839163544,0
0.013431842163701068,0.011630461355309091,109.90971428571459,209.22720666948257,13.6458287118159,0.8184550246028912,4.423103048674801,1
-0.012333413676073728,-0.003051186861883201,143.67745714285707,258.8521661108706,62.68709619162677,0.8833449347139934,5.168676171874552,1
-0.006235333901242925,-0.005136905413615573,167.4963928571425,310.2959291287023,112.20886277904185,0.8660175961207903,4.997077030845329,0
-0.011549183146677654,-0.030117930723994296,178.00500000000034,386.7888624108697,167.1248627054074,0.9216392430553608,4.188877203114617,0
0.0024497584133747457,-0.01533475863454582,139.3853071428573,403.081426444534,214.3161754532327,0.8853407712242677,3.1031002412286295,1
-0.00060354093819177,-0.009702965671494666,137.1209857142861,390.335809911191,249.52010234482435,0.9915300477432264,2.2933272920947907,0
0.004958742533124456,0.006804960008307444,135.2667785714285,392.2023951171339,278.05656089928624,0.8648602255196416,2.174517565971057,0
-0.0077429472846387536,-0.0033877456897060555,111.34667142857138,397.78393750325665,302.00203622008036,0.8456963275060989,2.2293942270569636,1
0.0008794124333004795,-0.001904792318213806,111.07908571428567,415.57163098476616,324.7159551730175,0.6740490705896931,1.6898449802635247,1
-0.005730584963703126,-0.01259411981504139,86.91347857142803,402.3567386490278,340.2441118682196,0.18365166980826123,1.5794783851954262,0
-0.021725965399374516,-0.026577137929777152,80.00144999999983,409.8184392437545,354.1589773433266,0.3482806975395567,4.007214240055558,1
0.0014883373892231764,-0.025968212973854453,32.79874285714331,381.1900161556902,359.5651851057994,0.7319096006434881,3.255748956374377,0
0.0007058507784632603,-0.019531777231688068,28.462992857143522,365.32747937213696,360.7176439590669,0.6437697426988801,3.2550387705370425,0
0.007251377311444225,0.009445565479130672,5.926442857142192,321.8527877724214,352.94467272173785,0.8232804904095081,3.85362437744113,0
0.001980138035670218,0.009937366125577713,9.275949999999959,275.2618449070698,337.4081071588042,0.8628005163954386,4.10726262118928,1
-0.015587167545428547,-0.006355652198314094,5.765878571428572,258.78627499555955,321.6837407261553,0.891231937890934,3.340047762931783,0
-0.007429481665502028,-0.02103651117526035,-6.600499999999293,244.63174048117867,306.27334067716,0.9084827706341205,4.014311799513614,1
0.02188945836582502,-0.0011271908451055412,-104.23570714285735,161.4384162831447,277.30635579835695,0.9937549231328164,3.7476400530453797,0
-0.0028476538448860456,0.011612322855436959,-86.34246428571487,75.17209770926493,236.87950418053856,0.9860656282544542,3.7174896345110917,0
-0.008957759080729657,0.010084045440209332,-82.03996428571449,-9.383990015140954,187.62680534140267,0.9781952954448482,3.7934353415304543,0
-0.0003155485597956288,-0.01212096148541132,29.601971428571222,65.45877311158252,163.19319889543863,0.8113986505238073,1.6937643158435005,1
0.012914302134032475,0.0036409944935072,-31.570399999999708,63.621095468970715,143.27877821014508,0.8602171314512735,1.7134516338472827,1
0.014550801533012034,0.02714955510724889,-69.35747142857106,37.203187350904265,122.0636600382969,0.8399846950673735,1.5289141727434878,0
-0.022488362871246035,0.0049767407957984865,-46.57185,19.113357540929936,101.47359953882352,0.7033080257493047,1.8444112558389212,1
0.0021893889391952606,-0.0057481723990387285,-84.44139285714303,-15.169942264195527,78.14489117821972,0.7457565058320847,1.8398604134889005,0
0.0011882549219557807,-0.01911071901009498,-51.68804285714281,-35.08214989210114,55.49948296415555,0.7901615788611916,4.451625697149442,1
-0.011705482594342023,-0.008327838733190972,-30.740800000000707,-15.977828773425676,41.2040206166393,0.7568996706462683,4.761014431332729,1
9.769558676774471e-05,-0.010419532085618487,-19.49900714285685,-15.156537543783106,29.93190898455482,0.6679884800784628,3.9707621926993912,0
-0.008606996370314035,-0.020214783377888304,-20.70655000000033,-24.550683292257617,19.03539052919233,0.8379799055782069,2.7003795135784934,1
-0.0031663108865216095,-0.011675611670067889,-36.79596428571425,-26.43560108581849,9.941192206190163,0.7770152448639411,2.627215253513187,0
0.0014306475574811749,-0.010342659699354457,-18.418600000000044,-5.384313301940664,6.876091104563997,0.6602402173584165,2.3153075860897903,1
0.006361503686335462,0.004625840357295039,32.303328571428196,-1.498830138379661,5.201106855975265,0.354583778457335,2.557038170802781,0
0.0012727429887436081,0.009064894232560256,32.51919999999992,-17.4430899988062,0.6722674850189709,0.4218276511264429,2.5066779261604815,1
0.006393158569865353,0.014027405244944436,19.63987857142903,-60.231847564637796,-11.508555524912387,0.8609014317299545,2.0585093337172435,1
0.0026935326688523127,0.010359434227461287,-99.19709999999925,-84.80415109985232,-26.16767463990038,0.9159014810473964,1.62073704176637,1
-0.011031894369671474,-0.001945203130953796,-29.684185714285174,-85.18607150850274,-37.97135401362086,0.8754237214335592,3.255955637233485,0
0.00036845362180839907,-0.007969908079010749,-10.237014285714494,-87.04884252421132,-47.78685171573896,0.8849732338012003,3.0765989272525522,1
-0.0016101946201575496,-0.012273635368020612,-5.806221428571345,-79.5359896992435,-54.13667931243989,0.8913045163236856,3.2104575523494816,0
0.0017240430683536584,0.00048230207000451997,-1.18912857142853,-87.47958717864326,-60.80526088568056,0.8121542328249483,3.749536026736353,0
0.01131687232385118,0.011430720772047301,-22.540028571429445,-109.77611413401796,-70.59943153534805,0.9384190744235456,4.543425606776303,0
-0.001038409318612669,0.01200250607359218,-31.768128571428196,-101.99466243945947,-76.87847771617032,0.8559718067056034,2.89005870074281,0
-0.016425538071768574,-0.006147075066530051,8.779549999999874,-63.78029927722014,-74.25884202838029,0.9035948951095063,3.943139246614419,1
0.01998287972334634,0.0025189323329651084,-13.836350000000083,-68.58140508318706,-73.12335463934166,0.9449868302509781,4.1575033136587045,0
0.018812596332183115,0.02236993798376089,-47.222414285714244,-103.65187368845184,-79.22905844916369,0.9763473363583723,4.25876450611803,0
0.009874970088722266,0.04867044614425173,-79.59972142857197,-143.8799756078907,-92.15924188090911,0.9760264799068806,4.2633614932221136,1
0.002281108690642494,0.030968675111547887,-53.330757142857394,-157.08969334425288,-105.14533217357788,0.9755116928753927,4.366710989585114,0
-0.016183350968607426,-0.004027272189242655,-32.69587142857105,-161.60928537219655,-116.43812281330162,0.8560948604022202,5.251490371874819,1
0.014418639321753217,0.0005163970437882959,-26.170578571428823,-186.5166661943223,-130.4538314895058,0.8238798398337089,5.461820179594616,0
-0.0026264040398873,-0.004391115686741498,-28.00006428571458,-197.683387165591,-143.89974262472285,0.7452716656033173,5.695094828932559,0
-0.01153342271922508,0.00025881256264084773,-19.6180142857152,-176.91483536142292,-150.50276117206286,0.7727026750799858,5.042164447047364,1
0.0003754172107286449,-0.013784409548383725,-33.612921428571845,-176.79102143760738,-155.7604132251718,0.8523479273556946,4.750814625849265,0
0.0078108026097353945,-0.003347202898761029,-31.413992857142315,-164.24324105528237,-157.45697879119393,0.8258766159056614,3.984099580692572,0
-0.00844677754575456,-0.000260557725290508,-25.96871428571441,-161.19543316361435,-158.204669665678,0.5217057593779558,3.3175195544477143,1
-0.0002770803628665364,-0.0009130552988856893,-7.999992857142483,-153.97276164535245,-157.35828806161288,0.5171253028029584,3.3612488694187626,0
-0.015624273791749245,-0.02434813170037033,-25.204028571428612,-141.77369123133164,-154.24136869555664,0.08236654818120437,5.27643043204891,0
0.005226294690185947,-0.010675059464429822,-41.18666428571462,-117.49446180522222,-146.89198731748976,-0.5146616515691015,7.232461806975888,0
0.0011624972360310191,-0.009235481865532266,-14.518271428571055,-102.81777593834133,-138.0771450416601,-0.13589446788823376,6.289165176349231,0
0.013177762531947738,0.019566554458164718,15.184885714285464,-89.06495167518925,-128.2747063683659,0.13370237915739167,10.57215478142807,1
0.014878971319455177,0.029219231087433947,32.427114285715035,-71.95114062597514,-117.00999321988775,0.05088562558051955,12.067985838460546,1
0.01729544713682762,0.04535218098823055,18.028535714285674,-57.135023816529305,-105.03499933921607,0.06365624662136507,6.65341948354036,0
-0.0114506594204147,0.020723759035868115,21.440835714285964,-37.02524997478739,-91.43304946633035,0.288486301558762,15.968534361556598,0
0.0008558573069221513,0.006700645023335088,44.196571428571424,-18.642067050732763,-76.87485298321083,0.7083175085709713,27.032850141416688,0
0.0014189324371794822,-0.00917586967631305,28.06398571428567,-15.821799323724978,-64.66424225131365,0.1908402854666938,10.539633777430485,0
0.011804206265110676,0.014078996009212325,5.330792857142899,-11.555914361434265,-54.04257667333778,0.3224547570753032,10.623537014499146,1
0.009875146332868515,0.02309828503515869,26.951757142857353,-2.099482390679367,-43.65395781680609,0.2546080283412786,8.258152016198304,0
-0.01715642436695808,0.004522928231021132,16.712235714285132,4.333800578185555,-34.05640613780776,-0.1982473889059229,11.181996771467192,0
-0.007382015558823998,-0.014663293592913544,39.3571214285718,25.959956744637047,-22.0531335613188,0.19892544363229775,8.02428971399433,0
0.0015980859825866721,-0.022940353943195387,29.277978571428903,34.34901064409311,-10.772704720236414,0.1860354224203433,9.001193890853779,0
0.014283261705648663,0.008499332129411357,18.293535714285838,33.04827041436255,-2.008509693316619,0.419060916295824,8.658621124554223,1
-0.006975631766848317,0.008905715921387038,3.341,28.05932384831788,4.0050570150102835,0.5377068585065333,8.308508547966504,1
0.010894628452887247,0.018202258391687612,12.297771428571387,28.14937398708108,8.833920409424445,0.536631604335536,6.942393375854657,1
0.010484631715359528,0.014403628401398477,14.379814285714867,31.30666370783047,13.328469069105651,-0.18563713820210875,9.615201028134384,0
0.002559698626630959,0.023938958794877754,2.3658357142850908,25.330052933759056,15.728785842036336,-0.1582321860410755,9.586068914283844,1
-0.0001818073488877932,0.012862522993102712,8.989364285715075,28.343982920667184,18.25182525776251,-0.24978477657690465,7.506122651773573,1
0.0029420049005807083,0.005319896178323893,5.302121428570846,34.11496301945386,21.424452810100778,0.08932451119131864,5.580446020464871,1
-0.019860331892099552,-0.01710013434040662,6.041971428571554,41.27960482969844,25.395483214020317,0.17754833315933116,12.909666537288034,0
0.0035858719311550715,-0.013332455060363756,8.932757142857351,37.85600505316762,27.88758758184978,0.44665519737149223,9.36723725911342,0
0.001461420329659803,-0.01481303963128466,-10.013964285714078,15.45838693686584,25.40174745285299,0.45849092591593366,6.355270378849795,0
0.003143997871506265,0.008191290132321158,-22.364157142857557,-10.076053318947222,18.306187298492947,0.5709328331822273,7.723087001561449,0
-0.006097102102934548,-0.0014916839017684626,-31.34007142857068,-40.99075319651386,6.4467991994915845,0.7796703220555609,9.12183909558319,1
-0.009510407221482504,-0.01246351145291077,-50.38503571428634,-69.37890776475527,-8.718342193357792,0.47895523799732387,7.668131460527862,0
-0.004944420506243113,-0.02055192983066015,-31.704000000000043,-78.22522136914557,-22.61971802851535,0.6214724235995271,3.579875424850813,0
0.006455232413808258,-0.007999595313917342,-46.104935714285794,-107.82965372191892,-39.661705167196075,0.7292964355039006,4.142828774406864,1
0.0013181378006629596,0.0028289497082281214,-49.61885714285702,-137.31279070808236,-59.191922275373344,0.7487188855916013,3.9975560720211467,0
-0.01079561409956864,-0.003022243885097406,-54.66399999999954,-160.16322463477957,-79.3861827472546,0.7765372616576618,4.541039484268337,0
-0.0041642105395919655,-0.013641686838497629,-52.13533571428604,-170.00920079226492,-97.51078635625667,0.8402907937149036,3.9932263963927417,1
-0.0020792782953840245,-0.017039102934544612,-42.55987857142803,-173.18539976697767,-112.64570903840088,0.8336979423628461,4.508646260648747,0
-0.00426591678924677,-0.010509405624222742,-55.28352857142837,-179.92501890930396,-126.1015710125815,0.41369586579433554,5.5083640464041705,0
0.0056681509403774585,-0.0006770441442533184,-71.2761714285708,-197.28300178264524,-140.3378571665943,0.6979726303207853,5.7025918009677445,0
0.0039972500686762035,0.00539948421980691,-69.8873357142856,-204.05126412752193,-153.08053855877984,0.6052597812338455,4.228696838170353,1
0.009588574787768554,0.019253975796822233,-46.2236785714289,-189.16737549038317,-160.2979059451005,-0.1336550177037888,2.919215868641787,1
-0.005701977319013721,0.007883847537431054,-4.295685714285007,-147.80879407382326,-157.8000835708451,0.48827111597798045,2.9641182551191103,0
0.013595243930353544,0.017481841399108394,-25.44368571428513,-145.14948049612514,-155.2699629559011,0.8674498516853548,2.865028748680585,1
-0.000603352195401276,0.007289914415938563,-8.76714285714323,-133.81124358483916,-150.9782190816887,0.864172944337868,3.1473298988201597,0
-0.0032771060626824687,0.009714785672269816,-0.39694285714269084,-118.68954636273284,-144.52048453789754,0.8195154707944846,3.303071722211431,1
0.010742475757333529,0.006862017499249801,-19.56116428571499,-114.28777735565302,-138.47394310144864,0.9583919322208493,3.63649142732102,0
0.0018982692045955883,0.009363638899246665,-8.723564285714243,-120.99815802129515,-134.97878608541797,0.9110481360050398,4.083402452202135,0
-0.004188960961015422,0.008451784000913712,3.698264285714577,-118.52148010377076,-131.6873248890885,0.8225611798876489,5.2740000912050595,1
-0.0002528039176843068,-0.0025434956741041234,17.93717142857147,-100.64417768856852,-125.4786954489845,0.7646753996047129,4.41530237267764,0
-0.01803010542985916,-0.02247187030855887,5.858107142856769,-92.74924756042896,-118.9328058712734,0.21314089899971542,6.4884936753886056,0
0.008288034491858748,-0.009994874855684701,-7.338521428571429,-97.6444464907578,-114.67513399517028,0.2679723944125316,5.791863350594959,0
-0.0013232091558950012,-0.011065280093895395,4.928657142856477,-92.89162916847306,-110.31843302983083,0.12706555324566585,5.888931318797203,0
-0.010646749131902403,-0.003681923795938638,21.69502142857114,-83.5125713897357,-104.95726070181179,0.15705505567659014,6.380474519019061,0
0.02318406287058607,0.011214104582788684,16.426564285713702,-76.51339995195595,-99.26848855184063,0.17872399236509162,13.668319332135697,0
-0.005390221747117141,0.007147091991566544,7.332435714286338,-62.45288899693046,-91.9053686408586,0.6193970368063193,11.462818779481822,1
-0.0076062816390966535,0.010187559484372295,-7.820400000000374,-40.1062688583725,-81.54554868436138,0.8336097038099967,21.225733350716805,0
-0.00530891212873386,-0.01830541551494764,32.56426428571453,-8.467784489296124,-66.92999584534833,0.7602116198343192,16.92475542757966,1
-0.010721206488696369,-0.023636400256526864,35.52312142857117,27.32178342941175,-48.07963999039631,0.9287617834430948,17.062741115528397,1
7.225757238023679e-05,-0.015957861045049974,38.17110000000025,62.72151916711081,-25.919408158894885,0.5302895151196826,11.089295691888777,1
-0.011571726052792278,-0.022220674969108394,72.27067857142907,119.02599794551706,3.0696730619875114,0.7583388675619738,4.370814753725357,1
-0.0011610197194316693,-0.012660488199843696,86.40474285714265,166.10633889218136,35.67700622802629,0.8394853407008335,4.509389666908641,0
0.002068129077563472,-0.01066461669466046,63.87657857142878,182.29523919063644,65.00065282054832,0.8999029617789547,3.360356583952356,0
0.003110903319390773,0.0040180126775225915,54.41249285714202,196.91804780975156,91.38413181838898,0.9111404502792412,3.1887128181138618,0
0.0009708404870387975,0.006149872883993058,38.701235714285836,181.3256631345729,109.37243808162576,0.9058270609951841,2.715339920691596,1
-0.011413877218439691,-0.007332133412010105,69.67594999999933,189.49820433628838,125.39759133255829,0.869905367460393,2.8708036051164587,0
0.012031420534594803,0.001588383803193925,44.45093571428584,173.04547274970903,134.92716761598842,0.8558194589006438,3.600930246035848,0
-0.006183100010112528,-0.0055655566939574,41.9154285714287,159.94819674601828,139.93137344199442,0.8588388183232005,3.936501198111323,0
0.0020232830310803885,0.007871603555562679,43.38025714285756,148.199157179066,141.58493018940874,0.8862543162143375,3.986834287396357,0
0.007694348057527152,0.003534531078495027,31.208014285713787,131.4160001715662,139.55114418584023,0.9536837715677833,5.12113616038664,0
0.016538072939885535,0.02625570402849309,-12.297135714285963,78.80107316939217,127.40112998255063,0.9343605676463812,4.4833471656510175,0
-0.00471160096797004,0.01952082002944266,-16.089942857143523,46.11808964154664,111.14452191434984,0.946125427895334,4.365803020170183,1
-0.007439922155340362,0.004386549816575149,-13.426971428571138,33.865314630952284,95.68868045767033,0.9785547362841511,4.172028590003422,0
0.008236762910725223,-0.0039147602125851645,-44.863571428571845,-3.558213535544402,75.83930165902738,0.9696469933723924,3.9344338698343053,0
0.013393898722759947,0.014190739478144823,-174.40096428571388,-148.22221522119162,31.026998282983573,0.9197109519838104,2.278872712280749,0
0.0019236862776606462,0.02355434791114583,-225.94262857142897,-313.1124488470221,-37.80089114301758,0.967552395171393,2.0641782013816696,1
-0.01755293140686581,-0.0022353464064452013,-213.1728214285712,-443.27474073223794,-118.89566106086168,0.911422238096261,2.5465945471348115,0
0.005228012194732531,-0.010401232934472615,-206.45134285714224,-528.6789359046198,-200.85231602961335,0.8156921630634861,2.3438425378998566,1
0.004258698779021915,-0.008066220433111348,-194.63913571428543,-601.1791636219899,-280.91768554808874,0.8243481406794596,2.2572003439661663,0
-0.0034565037387566714,0.0060302072349977896,-228.9500285714283,-666.9938233592567,-358.13291311032236,0.4338827487647187,2.9971972374856457,0
-0.006972014965038723,-0.006169819924773464,-208.3995071428568,-708.7021325738067,-428.2467570030193,0.016059315249138326,5.8507730760301415,1
0.002865187579937897,-0.007563331123857482,-203.76917142857164,-726.3669351484738,-487.8707926321103,0.03501391942923987,2.997745230497304,0
0.007935223136462968,0.0038283957513621566,-213.67599285714286,-742.6580923206723,-538.8282525698227,0.40939158216264754,4.5888325630374585,0
-0.010905795669874017,-0.00010538495347313728,-204.60110714285733,-742.7127540103305,-579.6051528579243,0.48257850564353566,5.656772481162827,1
-0.00046303147682987336,-0.0034336040102409078,-158.5885357142857,-720.8724695334329,-607.858616193026,0.5338005830367641,6.404566275114468,1
-0.005465046173543761,-0.016833873320247637,-140.18869285714243,-665.5593968574348,-619.3987723259078,0.6952285366566557,4.048787905982144,0
0.00815637953553193,0.0022283018851583097,-157.38650714285768,-619.9657838279903,-619.5121746263243,0.7611119550301487,4.298619351206659,0
-0.003643815948670019,-0.0009524825866818361,-132.0600214285708,-576.332151012018,-610.876169903463,0.5996586431965779,4.074534670799418,1
0.0038705586724346163,0.008383122259296542,-113.0491214285716,-629.7309452329994,-614.6471249693705,0.8992583657752242,1.57199807533508,0
-0.00984194206723785,-0.009615199343473237,-53.695735714285426,-651.3434176826638,-621.9863835120292,0.8751115571982423,1.8089757722487751,0
-0.017232773004439938,-0.023204156399243156,12.359571428570597,-591.6254001696473,-615.9141868435528,0.92039879346321,2.073086187265351,1
-7.472895500390802e-05,-0.027149444026681683,25.582121428571305,-511.80530097659755,-595.0924096701617,0.951059459205653,1.8670404824518672,1
-0.0068887340828600666,-0.0241962360423039,40.34442142857184,-438.5619161276026,-563.78631096165,0.9519365728883881,1.8636983116870178,1
0.00825754141170207,0.0012940783738381138,9.6343857142853,-426.34042069173944,-536.2971329076679,0.9484822424739865,2.488716035131679,0
-0.0019064012695872144,-0.0005375939407451925,10.985307142856977,-408.14305964438563,-510.6663182550115,0.9624354654202991,2.4532295854656745,0
0.0005391339115494021,0.006890274053664275,11.411635714285632,-381.82226726091505,-484.89750805619224,0.9057489508960616,2.1603644134284243,0
0.00035026400880457467,-0.0010170033492332199,28.655485714285504,-348.32012203440905,-457.58203085183567,0.9283730597221111,2.3862130932413383,0
-0.009431828448947509,-0.008542430528593515,-0.014249999999501084,-345.8754393409009,-435.24071254964866,0.6683179264909314,2.1719001243872262,0
-0.014973813567508352,-0.02405537800765127,-25.86037857142886,-355.4645336483452,-419.285476769388,-0.6858006921719982,2.183809842804283,1
0.037335033075012715,0.01292939105855687,-102.00597857142832,-413.9799114260225,-418.224363700715,0.708084797334328,6.059657708661425,1
-0.01025812581680831,0.01210309369069607,-80.75045714285714,-436.6967753666302,-421.91884603389803,0.7680057983834971,5.8208031618157365,0
-0.013258085601815028,0.013818821656389393,-80.67656428571475,-448.5887585068176,-427.252828528482,0.8348457469204486,6.366372245103319,0
0.00026787391021026584,-0.023248337508413056,10.825528571428697,-444.7559218387761,-430.7534471905408,0.8625121240609588,6.165094186373172,1
-0.003265729753083662,-0.016255941444688407,-24.748957142857225,-463.36668488417666,-437.276094729268,0.8905164361149515,5.672860840843309,0
-0.011582248759748873,-0.014580104602622254,-76.39337142857143,-461.11603843956897,-442.0440834713281,0.6533799110413537,2.8739890409642124,0
0.02918038930467732,0.014332410791844798,-116.38762857142873,-472.4734699893507,-448.1299607749326,0.6020562746353381,7.729810045131569,0
-0.00015326997253282916,0.017444870572395632,-116.28735714285773,-471.0017144230792,-452.70431150456193,0.5966071959617195,6.852867166358706,1
-0.008887508811984086,0.020139610520160417,-82.80256428571363,-477.245746222456,-457.61259844814083,0.5125329975028702,7.6360439900636035,0
0.014110074873394631,0.005069296088877729,-81.84119285714344,-471.86189254706176,-460.46245726792506,0.5808344005063374,9.868909278468502,0
0.01800175690353667,0.02322432296494723,-95.64822142857184,-470.27384772961824,-462.42473536026364,0.39097988452560767,10.461689845199599,0
-0.0029224245861254276,0.029189407190805892,-130.32812857142824,-493.87205252816295,-468.71419879384354,-0.2725060079578744,5.232615455417371,0
0.011348887467578457,0.026428219784989715,-162.16132142857163,-570.056999848619,-488.98275900479865,0.2285075456192269,3.214517521241249,0
0.0071796623859418165,0.01560612526739486,-220.55857142857073,-703.9143107139611,-531.9690693466312,0.28109867100497316,1.5507257612492218,0
0.029123631373412007,0.047652181226932294,-181.03904285714327,-811.684119389507,-587.9120793552063,-0.13307836870219375,2.347916239406393,1
-0.008437370844774132,0.027865922914579705,-178.84544999999997,-866.0085709798572,-643.5313776801365,0.5248312939858596,2.9535424025724284,1
-0.005101155178746231,0.015585105349891657,-231.3233428571426,-956.379680676243,-706.1010382793578,0.4247054343894501,2.822372273297446,0
0.010257858637197033,-0.0032806673863233164,-246.24992857142908,-1024.9166950460344,-769.8641696326933,0.3443399399814179,2.791511000518939,0
-0.0006726739828865833,0.004484029475564233,-203.3144000000001,-1045.6651753067656,-825.0243707675079,0.3365419117200982,3.6267321372627213,0
-0.00018300904510065589,0.009402175609209808,-204.6560785714282,-1039.9518971599518,-868.0098760459967,0.5395851711612477,1.8471941439245814,0
0.010511997264714568,0.009656314236727344,-325.9344928571431,-1177.4448593280044,-929.8968727023984,0.8950304980224097,1.4623958755994946,0
0.03305498094522181,0.04338396916483574,-315.3622714285713,-1254.9562221738895,-994.9087425966966,0.5888185158987594,1.6764041754183434,0
0.008604604271992299,0.05217158248192869,-347.7526642857149,-1350.3215460881956,-1065.9913032949964,0.5837128522414962,1.6670598651504716,0
0.021681111966915034,0.06334069718412916,-313.08314999999993,-1366.0932551824321,-1126.0116936724837,0.46035581461475816,1.2699678082158992,0
0.01553093162984652,0.04581664786875386,-287.556171428571,-1342.3806482883745,-1169.285484595662,0.5241319059780304,0.8387616647544407,0
0.042842546907346915,0.08005459050410849,-276.8517357142862,-1326.7514440461564,-1200.7786764857608,0.21390906971184814,2.834209935095004,0
0.03300152090100439,0.09137499943819782,-241.58707857142892,-1323.3272726991947,-1225.2883957284478,0.37185019067036224,2.958207098967896,0
0.006939516997090396,0.0827835848054417,-204.86435000000068,-1345.2162122683717,-1249.2739590364329,0.38002029106345814,3.29990438742731,0
0.012975446051059545,0.05291648394915434,-181.69011428571412,-1332.0720320189594,-1265.8335736329382,0.40004405004241533,4.610860890399834,0
-0.02068505814945005,-0.0007700951013000987,-211.06352142857133,-1318.537443709359,-1276.3743476482223,0.22018774383157946,9.360858610973187,0
-0.013697171233233035,-0.02140678333162353,-195.5391071428577,-1333.2478073561429,-1287.7490395898067,-0.007377877088289169,6.927692095769912,1
-0.0042236681049253304,-0.038605897487608405,-198.65977142857147,-1341.6968522947222,-1298.5386021307897,-0.12305716720388264,4.289305159982311,0
0.019273161812984822,0.001352322474826466,-189.33163571428562,-1301.3400863372635,-1299.0988989720845,-0.786596160946532,3.7779444406971985,0
0.009352831339101916,0.024402325047161416,-188.09470000000007,-1243.4572322527958,-1287.970565628227,-0.7760996730806413,3.6891463599530296,0
0.0008079069698973041,0.029433900121984054,-30.42127857142782,-1161.666331391694,-1262.7097187809204,-0.7911962249944201,2.4107629396708674,1
0.02444934995894646,0.03461008826794569,-64.4126357142853,-1105.5157676812494,-1231.2709285609865,0.28513396707374183,4.1873741231271016,0
0.006369473336141247,0.031626730264985026,30.205835714286003,-992.1924625784155,-1183.4552353644724,0.7679541056487631,3.2037853382852535,1
-0.029796476171917594,0.0010223471231701232,-3.070964285713745,-885.7067612861222,-1123.9055405488025,0.34661880649521215,5.52267170955874,0
0.00046879291445683143,-0.022958209921319504,-39.657857142857054,-812.5434994612496,-1061.633132331292,0.3455074394571002,4.717435880990219,0
-0.012890954155813133,-0.042218637413273884,-55.20994285714294,-781.5776459009077,-1005.6220350452152,0.21190625820203565,4.251424854614944,0
0.0022065034605628377,-0.010215657780793452,-51.81805714285656,-768.5622991411069,-958.2100878643937,0.10679591395439016,2.957565191463201,0
-0.007298501245209566,-0.01798295194045985,3.2207000000004156,-727.7911072450573,-912.1262917405264,0.5208071447069732,4.581157572760364,0
-0.008087221776790754,-0.01317921956143747,-1.3918571428576,-677.7417608051892,-865.249385553459,0.5214482770516702,2.302690019469608,0
-0.019790274421739962,-0.03517599744374027,-0.8496357142853816,-642.1440658929666,-820.6283216213606,0.2714991791850037,2.7027671878034396,0
-0.01532795316110833,-0.043205449359639034,46.3063500000005,-594.6124716923204,-775.4251516355527,0.4510543834024556,3.929541486466553,0
-0.005839485386218547,-0.04095771296906683,35.39278571428563,-574.9023147352035,-735.3205842554829,0.33090061964693346,2.5092677471250555,1
-0.009214673216992729,-0.030382111764319597,14.099278571428737,-545.0026782048416,-697.2570030453547,0.4358886942694625,2.962510569508717,0
-0.01687457603611768,-0.03192873463932895,27.707078571428653,-488.7346464137886,-655.5525317190414,0.7013252589345021,2.704052046994836,1
-0.012716842677492934,-0.03880609193060333,-1.660514285714161,-449.60774234486314,-614.3635738442058,0.9224258739195921,2.5585601716945257,0
0.003020817086386787,-0.026570601627223817,45.00502857142845,-382.8815110390775,-568.0671612831802,0.268976005593855,2.4421248803527233,0
-0.022656739819368145,-0.032352765410474285,24.72517857142886,-292.1562960725363,-512.8849882410515,0.28865729905946935,3.9673006732438454,0
-0.001222963704034415,-0.02085888643701576,13.807599999999585,-223.54612256801548,-455.0172151064442,0.4706501015643871,4.086746845961237,0
0.022821541855859863,-0.0010581616675426862,44.184885714285585,-153.67778010641766,-394.7493281064389,0.22244038789883933,6.39000507653778,0
-0.004578219810233026,0.017020358341592434,89.49786428571448,-82.19590974358199,-332.2386444338676,0.475182478701815,8.001073282036337,0
-0.012662833819014169,0.005580488226612678,120.76615714285661,-10.486692681609917,-267.88825408341603,0.5499520888063635,9.404891469987442,1
-0.004441124191272838,-0.021682177820520024,114.50354999999996,60.636550232280484,-202.18329322027674,0.10191637115620968,10.932082779423732,1
0.006734059538423776,-0.01036989847186322,72.92177857142933,79.04216162938302,-145.9382022503448,0.4274855457039376,4.750704158722239,0
0.007317391195693508,0.009610326542844456,77.78959285714289,86.65985760570484,-99.41859027913486,0.8845158848861734,3.611932608139002,0
0.0022812314910669353,0.01633268222518423,61.82278571428555,86.13246661730025,-62.30837889984784,0.8761383516443578,3.7772629034853575,1
-0.0005464730884413205,0.009052149598319133,72.34869285714272,72.1872244854465,-35.409258222788964,0.8620796519849235,2.7697062818154947,0
0.007053772727144689,0.008788531129770315,62.65888571428572,57.52276612590911,-16.82285335304934,0.5588442224199853,2.239664252827695,0
0.037175717625210644,0.04368301726391402,18.243421428571388,22.405926486661265,-8.977097385107216,0.8209736621597576,14.72350500750919,0
0.0009729982531779882,0.04520248860553333,20.47838571428559,-13.39393848983143,-9.86046560605206,0.8255107590746791,15.666231036897118,0
0.040775295925615705,0.07892401180400435,-17.4850142857147,-52.73998497008464,-18.43636947885858,0.6188197172997537,20.871034197272778,1
-0.02878598549762785,0.012962308681165852,-24.091114285714408,-56.25988024698597,-26.00107163248406,0.913051464120317,12.352763286647791,1
0.004405064827943453,0.016394375255931317,-45.234221428571175,-87.7895613870399,-38.35876958339524,0.7417806013962011,10.521510439078705,1
-0.011058656875314399,-0.03543957754499879,-69.96217142857105,-125.54185331855957,-55.79538633042811,0.6222230514044623,9.802064599174273,0
-0.0004008343100540897,-0.00705442635742503,-71.56624285714294,-140.4902227427882,-72.73435361290014,0.5979969416899382,9.00757851365284,0
0.0013459978419750672,-0.010113493343393416,-82.15118571428559,-147.65404354245211,-87.71829159881054,0.7343155505417445,5.2360531224576485,0
-0.0022890079883780973,-0.0013438444564571128,-100.726664285714,-157.5080188864447,-101.67623705633737,0.3843550380075192,2.8857067462671786,0
0.04613758799719074,0.04519457785078772,-107.39157142857194,-207.5035480717809,-122.84169925942608,0.8278511066782593,8.530331672874102,0
-0.03175598972949822,0.012092590279314433,-96.09517857142853,-237.59509660078552,-145.792378727698,0.8803812663762561,10.051398845127528,0
0.01950629378340929,0.03388789205110182,-75.58011428571444,-241.06014349272323,-164.84593168070305,0.6986044627622745,9.774719966458767,0
-0.0212275305065256,-0.03347722645261452,-15.358135714285549,-186.3218224708257,-169.1411098387276,0.758644457632935,7.257717631910824,0
0.011424861063053814,0.00970362433993751,-35.56771428571428,-166.79864192692904,-168.6726162563679,0.77125812693832,6.854245152271642,0
-0.012137031756549229,-0.02193970120002101,3.09015,-129.4004697979239,-160.81818696467911,0.5572413284904337,6.100663865032858,0
0.012208028786902319,0.01149585809340691,-0.2513642857148678,-110.388425311703,-150.7322346340839,0.8200000536035663,4.98146840238064,0
0.048647898568607184,0.04871889559896028,-13.711457142857517,-120.71767222066181,-144.72932215139951,0.8891021719544067,6.655950847497073,1
0.035758519083090634,0.09661444643860015,-54.34965714285685,-146.11404547160592,-145.00626681544077,0.830262655052315,9.970590650900863,0
0.019041801601409173,0.103448219253107,-21.422599999999623,-156.98620063433862,-147.40225357922034,0.9129150387983207,9.90338440717063,0
0.04196912130460955,0.09676944198910936,-18.58302857142878,-174.59399626743541,-152.84060211686338,0.7147180991858509,9.833500254111838,0
-0.003552180627420193,0.05745874227859854,-17.373257142857184,-171.84955813077562,-156.64239331964583,0.9455074424045672,9.95936856291924,0
0.013642816148812574,0.052059756826001946,-91.55677857142837,-247.64295436979322,-174.84250552967532,0.34820189933302326,3.8705855816662527,0
-0.0046646879520089906,0.005425947569383398,-70.65428571428555,-286.7829707465785,-197.23059857305597,0.5027241391071614,3.944361820837225,0
0.010068533585957908,0.0190466617827615,-29.958607142856685,-312.8008802070348,-220.34465489985178,0.547340003677332,3.9986051505185713,0
0.02699177646196509,0.03239562209591401,-105.11012142857152,-406.8364710355428,-257.64301812699,0.9367024832505473,2.903646080794249,0
0.004728660004004031,0.041788970051927034,-98.78023571428547,-451.40217586088374,-296.39484967376876,0.9245461448496093,2.5864661043686548,0
-0.012738434040696446,0.018982002425272676,-159.378714285714,-494.1450981501312,-335.9448993690413,0.8085226526321483,3.5693437766169116,0
-0.01409441882400108,-0.02210419286069349,-86.84375714285656,-466.48045210152304,-362.05200991553767,0.8650534250520965,3.4302875852703885,0
0.024020379602609658,-0.002812473262087861,-136.52752142857088,-474.7757424953387,-384.5967564314979,0.8795988232611346,3.701463158825177,0
-0.006291499106061069,0.0036344616725475145,-148.9127357142855,-501.45943904325856,-407.9692929538501,0.6834140013061856,3.7503980560312353,0
0.03827978679108195,0.05600866728763055,-95.09548571428572,-483.0299472896998,-422.9814238210201,0.24102694262724886,4.707406314980912,0
-0.01979054704002387,0.01219774064499702,-59.737071428571966,-442.27703098946466,-426.840545254709,0.38594692507799405,5.230162529617225,0
0.004917744708211365,0.023406984459269455,-83.56335714285751,-424.55715604210417,-426.383867412188,0.06680168263323123,5.761304368729657,0
-0.01632139177747677,-0.03119419410928927,-58.72939285714248,-388.97974910567075,-418.90304375088454,-0.12539625143505037,6.576414348815843,0
0.01024400217042306,-0.0011596448988423387,-89.04319999999987,-375.97758641636506,-410.3179522839807,0.05437421536961837,7.2524581787870765,0
0.037484533290983856,0.031407143683930154,-26.95636428571437,-372.0689143786968,-402.66814470292394,0.7812471233792527,9.643840512869957,0
0.09330638642084448,0.14103492188225142,-41.609135714286175,-363.71067942748266,-394.87665164783573,0.06968030960515582,20.818246511566578,0
0.013451927664020532,0.14424284737584886,-24.27108571428646,-332.27489786255353,-382.3563008907793,0.30825057211863416,18.458412717555607,0
-0.03802483315969447,0.06873348092517055,59.365599999999624,-287.66877386881015,-363.41879548638553,0.3553224667030546,21.496897333527457,0
0.01607481355773288,-0.008498091937941044,31.062485714285714,-256.57926505467805,-342.05088940004407,0.5016830888664471,26.268899689408034,0
0.02652919135358883,0.004579171751627253,42.39667142857138,-229.61024173815176,-319.5627598676656,0.49547686880714104,30.50217514641696,0
0.02128672853856571,0.06389073344988744,-3.0224642857145767,-201.06712157005026,-295.8636322081425,0.5619464278453996,17.670415672072,0
-0.017426403293116777,0.030389516599037773,46.59052142857147,-156.29056734637845,-267.94901923578976,0.8362403564234525,19.47223000750063,1
-0.011173272865295103,-0.007312947619846159,72.39267857142899,-116.20713520708033,-237.60064243004786,0.723019011694005,15.672366040815483,1
0.010482477402819108,-0.018117198755592763,47.19044285714344,-78.0036412494429,-205.6812421939269,0.7335564766307053,19.400766780838286,0
-0.047799881745384645,-0.04849067720786063,33.19473571428605,-42.00449081254667,-172.94589191765084,0.20610335048970446,29.176456073279304,0
0.0024062001050849293,-0.03491120423748059,43.15663571428613,-21.445045988053568,-142.64572273173138,0.34936844701760944,17.149836786799035,0
-0.00382028328116549,-0.049213964921465195,34.97037142857114,2.6207303956644665,-113.59243210625222,0.28361240505597773,27.38267535863004,0
-0.007495897246168881,-0.008909980422249428,45.7690428571434,14.201180492355387,-88.0337095865307,0.2700138437710372,22.48293450747262,1
0.05358067216217427,0.04226449163483991,45.71480714285673,12.488922528328285,-67.9291831635589,0.6896325561279589,32.93912393779559,0
-0.01588889554400208,0.03019587937200332,50.9338785714287,17.889576003464448,-50.76543133015422,0.6490825598592641,24.04981771160697,0
0.0040045355106452605,0.04169631212881746,30.227671428572258,19.534562332947186,-36.70543259753394,0.7135331855960213,25.77684748519319,0
0.0012511408821238943,-0.010633219151232911,27.3078142857142,33.530171994712155,-22.658311679084722,0.6072751293214275,21.357979779719365,0
0.004455901467754236,0.009711577860523405,22.78486428571437,31.925425467670937,-11.741564249733587,0.6286079543563606,18.545632150699454,0
0.01346441895516573,0.019171461305043873,38.81583571428558,47.89502376734759,0.18575335368265125,0.057878653022752795,6.712564869986637,0
-0.010900649751952178,0.007019670670967804,15.350028571428073,38.45108028398681,7.838818739743485,-0.6110899800355422,3.312495852122255,0
0.029026218579160597,0.031589987782374165,-33.12792142857193,-3.4044786307002135,5.590159265654745,0.38454442270039024,5.351821026315137,0
-0.004324017658598076,0.013801551168610357,-25.022500000000413,-23.885292268921848,-0.30493104126057463,0.43504541087662385,5.711979228847819,0
-0.020891643736605892,0.003810557183956644,-47.212542857142566,-58.96656116189358,-12.037257065387179,0.2065983524268926,6.775057005392894,0
-0.023747513348635736,-0.048963174743839696,1.8915499999994179,-25.761295922353995,-14.782064836780544,0.7048535978460123,4.853923939520255,0
0.045453234201676365,0.0008140771164347471,-7.135021428571886,-17.656857390844994,-15.357023347593435,0.7116410058999185,6.870903904620093,1
0.03199836404111813,0.05370408489415877,-0.4929785714292366,4.025446955974477,-11.480529286879852,0.5223305731877418,7.787975104169012,0
-0.04593180891181519,0.03151978933097931,16.13587857142832,32.293755524479096,-2.72567232460806,0.4373288980199065,9.540275230480534,1
0.008766572616594111,-0.005166872254102941,32.09807142857147,61.27656986707514,10.074776113728586,0.6362151119828288,10.72962578420935,0
-0.0027188852207920096,-0.03988412151601308,19.359935714285342,75.94401848455752,23.248624587894376,0.4676016362298677,19.443789571020915,0
0.015466459170638,0.021514146566440108,17.918007142856975,82.5773663360456,35.11437293752463,0.08734743750156154,22.677134558998503,0
0.002779101894982179,0.015526675844828176,-3.4109071428563116,75.94247401072614,43.27999315216494,0.621008751722106,19.592154242340225,0
0.011792657813722924,0.03003821887934311,10.548821428571761,73.2812498355122,49.2802444888344,-0.41930287124465954,6.763927707164729,0
-0.004837195616437268,0.00973456409226784,2.388199999999584,78.83797562601701,55.19179071627092,0.20886631120063398,8.570995199568147,0
0.040741701656158154,0.047697163853443816,31.104171428572137,92.95343115276138,62.74411880356902,-0.32770087154804517,14.163260722113554,0
-0.06827779592840857,-0.03237328988868768,74.7837642857143,117.71674894550675,73.73864483195656,0.3514106659679935,30.594476591426165,1
0.005797773193804888,-0.021738321078445526,40.56424285714311,109.83323953586599,80.95756377273845,0.31353584624199715,18.772065858622597,1
-0.018285462076277723,-0.0807654848108814,63.14991428571433,108.32167929142683,86.43038687647613,0.33766215925514814,18.469749960663407,0
-0.010511911327008103,-0.02299960020948093,15.466464285714578,112.66826793991778,91.67796308916448,0.35188538860668284,18.599064920378694,1
-0.0027162304809125485,-0.03151360388419837,33.14255714285669,116.32590898428103,96.6075522681878,0.7420118761525939,14.682848380071656,0
-0.001534928619022164,-0.014763070426942809,8.02517142857197,104.94606069729574,98.2752539540094,0.9012419768782943,5.755676113872944,0
0.02486909760847942,0.020617938508544716,-19.508242857142523,75.41131277217416,93.70246571764237,0.8962079140443079,11.187022572427393,0
0.0016584365945268326,0.024992605583984098,-36.40145714285681,39.748968240861444,82.91176622228618,0.8469524635570225,10.041752220020637,0
-0.006901433939048231,0.01962610026395803,-17.496999999999794,25.12649924063617,71.35471282595618,0.7935074139080938,7.862572146208805,0
0.022641495513606055,0.017398498169084668,-18.736428571428405,8.00681783884386,58.685133828533715,0.6247437436195769,9.22259820616819,0
-0.01352021612463557,0.002219845449922264,18.77970714285627,25.510171523053607,52.0501413674377,0.8753725807087911,7.20227229213743,0
-0.017435574582900536,-0.00831429519393004,29.322299999999462,54.10946946339762,52.462006986629696,0.7925865297647277,7.728788775362049,0
-0.028334555542547636,-0.05929034625008373,45.258242857143685,102.17394540568974,62.404394670441725,0.8932404701888933,11.08258297102607,0
0.00899630521519984,-0.03677382491024832,69.27818571428497,176.15294797693176,85.15410533173973,0.5301340993689875,9.726356042019631,0
0.03260912033268272,0.013270870005334938,8.08684285714294,178.53071297746956,103.82942686088573,0.8059262310408498,5.650365435040438,0
0.0076860800797692854,0.04929150562765186,15.011192857143106,160.14880563624362,115.09330261595733,0.7989550002844296,5.575642698184473,0
0.011562966084236861,0.05185816649668888,-3.6105500000001247,129.041675888727,117.88297727051126,0.8034913125180837,5.205999089437452,1
0.032448206662275006,0.05169725282628117,-23.07976428571408,88.22133120462588,111.95064805733418,0.7690148691443162,3.6110644945087733,0
0.08153445165488757,0.12554562440139944,-50.14153571428559,26.54753829023332,94.87002610391401,0.35137270643088914,13.63385932407853,0
0.021666399355830354,0.13564905767299296,-46.320921428571886,-30.727894201547567,69.7504420428217,0.7809153900107632,31.29432706104847,0
-0.0037557594532778202,0.09944509155744012,-29.922642857143273,-76.3608319748624,40.528187239284875,0.9323253600192685,24.948096747949368,0
0.016489620221656384,0.03440026012420894,-21.812064285714783,-113.84815322775714,9.652919145876464,0.9752447843775963,22.331558494317022,0
-0.01130427042338928,0.001429590344989299,-57.12211428571454,-167.58463850307095,-25.79459238391303,0.5023260613468111,21.71128812694477,0
-0.02509512128714363,-0.01990977148887651,-70.82525714285796,-228.4568610007843,-66.3270461072873,-0.6093557368429051,12.819499484067407,0
-0.010410177208816306,-0.046809568919349204,-100.78334285714253,-275.99528419983284,-108.2606937257964,-0.5455465296273838,9.223532850239168,0
0.011569203763997522,-0.0239360947319624,-15.444971428571012,-199.61201252730635,-126.5309574860984,-0.19349413390540232,1.9219526712154091,0
-0.016163732377456788,-0.015004705822275557,-71.26000714285728,-173.55327816816379,-135.93542162251148,-0.6081072095794436,0.8937538474768284,0
0.013122207195530271,0.00852767858207102,-63.09469285714211,-104.55395320681562,-129.6591279393723,-0.6452774764314301,1.3712834347249248,0
0.03297653634821935,0.02993501116629285,-8.014849999999583,-41.36503532305584,-112.000309416109,-0.07894369283953095,2.3952102698522237,1
0.025503999494796224,0.07160274303854586,-17.874350000000458,-20.608122048638915,-93.72187194261498,0.274993766685246,2.4073190634426873,0
0.04116009702091529,0.09964063286393088,-9.939257142857393,-10.129041596601043,-77.00330587341222,-0.07127875011342363,4.906357318251359,0
0.024700244830761157,0.0913643413464727,-40.18964999999987,-50.565521110299684,-71.71574892078971,0.6494594770675927,2.657668060426763,0
-0.0028050576064217216,0.06305528424525474,1.6068214285722184,-63.67826806707209,-70.10825275004618,0.4921613600339212,4.972585036947691,0
-0.016036556693024857,0.005858630531314593,10.187442857143148,-72.29616647403459,-70.54583549484386,0.63460749596007,7.2809883846782775,0
0.016974671879446387,-0.001866942420000177,-7.35669285714319,-98.92684281595122,-76.22203695906533,0.6029771044068062,7.32631469687892,1
-0.006179523313448039,-0.005241408127026495,-19.42864285714186,-134.75125370702472,-87.92788030865722,0.8330317671431359,5.905312768366962,1
0.04226665040379786,0.05306179896979622,-0.3085285714285715,-165.5931590637658,-103.46093605967896,0.3254158427984118,11.73843614166055,0
0.015551880432646391,0.05163900752299623,33.05205,-171.2933292542093,-117.02741469858503,0.04391129513759365,11.631770847953321,0
0.0020132182859707365,0.059831749122415,52.51789285714352,-154.51759103586497,-124.52544996604104,0.17630980179574338,7.709918831733343,0
0.0006229551933655784,0.01818805391198272,-49.486721428571265,-143.0497757247744,-128.2303151177877,0.033733821511034344,9.648606703425314,1
-0.03675412663452349,-0.03411795315518716,4.615121428570639,-108.07388195425428,-124.19902848508103,0.7055256356709183,16.778057862338255,0
0.028740119777989473,-0.007391051663168426,-31.624742857143605,-73.3073933083673,-114.0207014497383,0.5497752766781175,17.101459060373475,0
-0.012715764875981347,-0.02072977173251535,-74.69837142857189,-85.40018091277959,-108.29659734234656,0.19972675840515752,7.160067936048661,0
-0.001862951835539738,0.014161403066468398,-58.36255714285723,-104.87884948132418,-107.61304777014209,0.2576250116981941,7.708179714083514,0
0.01327601893973515,-0.0013026977717859253,-61.00005714285718,-127.90860691273812,-111.6721595986613,0.27082636756972134,8.124294449261853,1
-0.01788544023887197,-0.006472373134676548,-14.431492857142981,-141.24803502094866,-117.58733468311878,-0.336206876234795,7.477301460011461,0
-0.016211571056337252,-0.020820992355474063,-18.260678571429487,-136.37394895166173,-121.34465753682738,0.3516861048497765,5.094105170617834,0
0.03392789287531261,-0.00016911841989659948,-41.40521428571457,-155.91918694352265,-128.25956341816644,0.9227265241704941,12.099782330601855,0
-0.003522912181774004,0.01419340963720137,-0.2543285714282388,-144.2005160033082,-131.44775393519478,0.8308527725873415,9.276132567662517,0
-0.011785173740583799,0.018619806952954822,15.086978571428446,-132.32989101020084,-131.62418135019598,0.7792802418685535,9.457632740455098,0
0.007477729634224637,-0.007830356288133142,1.7479214285715117,-140.72866526336895,-133.44507813283056,0.8153345223860543,7.90668540532297,1
-0.01186931111089075,-0.01617675521724989,1.0250642857142442,-129.9358352307783,-132.7432295524201,0.8205552399795668,7.471417020993037,1
0.005720644991558612,0.001329063514892521,-24.22059285714373,-128.90412127101683,-131.97540789613944,0.7786326205835596,4.613523467229848,0
-0.005455416662432462,-0.011604082781764578,-40.90311428571433,-148.6944511171288,-135.31921654033732,0.7585491434057,5.262486384681047,0
0.00018093040600584433,0.000446158735132017,-74.13876428571334,-175.26210725160593,-143.30779468259104,0.7465749260151592,4.728556808189596,0
0.0032163594552835992,-0.0020581268011429952,-73.16498571428488,-186.86029701791836,-152.01829514965652,0.525095800650978,3.9118268182197125,0
-0.012032205351380425,-0.008634915490090959,-4.238814285714785,-157.00726054403682,-153.0160882285326,0.7509130663994501,2.996927572906706,0
-0.034571182896503246,-0.04338702879260005,12.991214285714078,-123.5637036423653,-147.12561131129914,0.4682331647400987,5.41531477833032,0
-0.007121674903755356,-0.053725063151639,61.87269285714298,-50.32596528757107,-127.76568210655353,0.31836051075318933,4.966304752861338,0
0.0095092726495626,-0.032183585150695984,52.31349285714228,0.19792391107996177,-102.17296090302683,0.3896813692187261,6.084951683036705,1
0.014967565953683627,0.017355163699490892,19.32213571428667,16.65040434977256,-78.40828785246696,0.6201751537636379,5.64717057515296,1
-0.03031633790788757,-0.005839499304641321,42.99240714285781,30.867865612556827,-56.55305715946219,0.4831883495669017,7.050650005096154,0
-0.024310250389820504,-0.03965902234402442,12.21519285714244,32.53789291973591,-38.734867143622566,0.39598547785519084,6.065760875984486,0
-0.001269699282224918,-0.05589628757993297,-16.63900714285727,2.2969024291286217,-30.52851322907233,0.6553742616100218,12.267389213948325,0
0.003210531349139631,-0.02236941832290577,-1.0054357142855064,-23.16979613109102,-29.05676980947607,0.6364655960179796,10.907419239137855,0
0.013127198237131063,0.015068030304045797,-3.6421714285710127,-30.033704163947643,-29.252156680370383,-0.014109405912641617,8.514705646760326,1
-0.013003457900959333,0.003334271685311382,14.473578571428572,-23.742267959915825,-28.150178936279474,-0.02643120107958658,6.020973439995342,0
-0.010446485616628027,-0.010322745280456276,43.58914999999929,-8.093622866038821,-24.138867722231343,0.28571399232105116,4.49418001987916,0
-0.012001506793081982,-0.03545145031066932,48.0686428571429,-3.4952505233650575,-20.01014428245809,-0.12010693959415152,9.291015276874129,0
-0.003268462932542903,-0.025716455342252892,23.61620714285706,-19.941771901347888,-19.99646980623605,0.01336520506690386,5.550174754449681,0
-0.013573641128585522,-0.028843610854210385,-7.6676142857140785,-30.72754822993679,-22.142685490976202,0.8712175135732473,3.212298791827837,0
0.014233243472680929,-0.002608860588447476,-31.505342857142857,-57.18479466140968,-29.151107325062906,0.748068374109552,7.341961715852713,0
-0.042426110217196014,-0.041766507873100586,-28.023514285714743,-27.74580204036093,-28.87004626812251,0.9460520061477025,6.393136947788088,0
-0.018982025018702105,-0.04717489176321717,87.43309285714322,117.14849818457546,0.3336626224170917,0.7625446831798215,3.291072151781336,0
0.08445646615852567,0.023048330922627577,60.11882857142857,175.70032088861535,35.406994275656764,0.8019297819462117,6.1654179807628875,1
0.0202854857211705,0.0857599268609941,37.36336428571366,195.6755526836374,67.46070595725291,0.8401050326311142,5.916177924463918,1
-0.007201324994129778,0.09754062688556642,50.14411428571495,214.2521616092662,96.81899708765557,0.8260330900635923,6.120028841413071,0
-0.006499781008214123,0.006584379718826628,66.6033857142855,213.56811490873403,120.16882065187127,0.7850362468586928,5.373746226609173,0
-0.002998278743657745,-0.01669938474600162,69.74989285714248,212.3649647597851,138.60804947345403,0.954710492082305,13.214376827735606,0
0.0038753830581348104,-0.00562267669373703,52.99780714285752,203.11792045778174,151.51002367031958,0.8248584386057607,8.103428812124886,0
0.017007694304587196,0.01788479861906429,14.001964285714285,161.33431571453588,153.47488207916285,0.8764661727661863,5.947740432257632,0
-0.01237000431572307,0.008513073046998963,14.429607142857517,137.68579102151472,150.31706386763324,0.9016567229264119,6.075206299359684,0
0.041416192902818845,0.046053882891682996,43.15865714285644,141.9193435723202,148.63751980857063,-0.04017601643536174,7.3166755766962455,0
0.09689964219990393,0.12594583078699972,57.01749999999963,139.0075304019043,146.71152192723738,0.04564540261088144,15.1322511032718,1
0.03820292471838077,0.1765187598211036,38.66905714285735,116.52277386778015,140.67377231534596,0.1024834852821035,13.445925440544809,1
0.040954507794934016,0.17605707471321877,38.60830714285777,79.15374725141002,128.36976730255876,0.326133748954893,15.787352334479152,0
-0.030545149185938016,0.0486122833273768,-22.228400000000125,30.546919591825507,108.8051977604121,-0.24259136134213577,18.040880173820206,0
-0.0020583916196065827,0.008350966989389445,-124.97137857142886,-1.1143900513388385,86.8212801980619,-0.04146861784648751,31.787835292491415,0
-0.0008832686577516345,-0.033486809463296206,-82.5117714285715,-32.122610540418954,63.032502050365736,0.3474852855397408,20.573143458935103,0
0.0098927582817641,0.0069510980044059124,-81.64535714285726,-78.97953188610192,34.6300952630722,0.2378617922465954,16.269256441987046,0
-0.010129848129351846,-0.0011203585053393503,-67.7561000000007,-94.12267502717063,8.879541205023624,0.17017077949374124,6.441142951610684,0
0.00940470824776693,0.009167618400179213,-66.08152142857122,-115.84090312883148,-16.064547661747408,0.9600612998253752,4.769695916554343,0
-0.014265089163734417,-0.014990229045319303,-80.83050714285702,-146.2416778167145,-42.09997369274084,0.6277247172324867,5.615872419130282,0
0.012171726899478293,0.007311345983510836,-97.7620071428579,-193.18692205575817,-72.31736336534432,0.7065604473999948,5.844295169911748,1
0.044465300806956654,0.04237193854270056,-115.18930714285639,-279.4528265500639,-113.74445600228826,0.8688959740323045,7.661074148215636,0
0.022263542058148927,0.0789005697645839,-125.75588571428534,-344.7297918769695,-159.94152317722452,0.664864527901242,9.04302251673409,0
-0.017767516897077718,0.048961325968027894,-161.34302857142816,-407.357546570388,-209.42472785585724,0.6327216432402155,11.10211007442756,0
0.002188992507904858,0.006685017668976102,-116.95155714285744,-406.8172091185509,-248.903224108396,0.6281285916564429,5.527132529300443,0
-0.004491168202490954,-0.02006969259166378,-173.02679285714316,-483.0023987603713,-295.7230590387911,0.3655064543879062,4.118056010497545,0
-0.038703187851578794,-0.04100536354616485,-158.4130071428577,-539.29140946252,-344.4367291235369,0.16227930021863196,3.872270423346371,0
0.028178239093865333,-0.015016116960204377,-152.82677857142806,-589.4350274261697,-393.43638878406347,0.21585972951918195,4.3076139404767035,0
-0.00521648759344499,-0.015741436351158412,-143.6766357142852,-605.016090760353,-435.7523291793214,0.24956936241000952,4.027095450568115,1
-0.016010157425880755,0.006951594074539623,-143.497771428572,-616.3439997457218,-471.8706632926015,0.32507712552658763,5.172799748280012,1
-0.03003539834233007,-0.05126204336165578,-98.23613571428488,-590.5754726004003,-495.61162515416123,0.511850782552117,12.479574834558871,1
0.004669679903026771,-0.041375875865184014,-108.50208571428487,-554.4532889668849,-507.379957916706,0.7356793159401354,11.099083633080395,0
-0.0009525316281464429,-0.026318250067449707,-102.76482142857188,-524.3530130264559,-510.7745689386561,0.5581437153906436,7.925105996061896,0
0.00028676567470689953,0.0040039139495872626,-83.01060714285703,-487.4381493918971,-506.10728502930436,0.5962485583459146,8.753370975963627,1
-0.0028040058665895276,-0.0034697718200290364,-69.2090214285713,-462.34120552562473,-497.3540691285684,0.7820230556814257,8.172479378205832,0
-0.017064197511226262,-0.019581437703108856,-62.43366428571474,-481.52973434233417,-494.18920217132165,-0.9625987402422089,1.9800937239009357,0
0.016721993467593222,-0.0031462099102225333,-56.46531428571424,-485.2848217703436,-492.40832609112607,-0.7593979883069097,3.635431848624566,0
0.0032150082082700124,0.002872804164637007,-41.39083571428604,-481.2745931538838,-490.1815795036776,-0.7701089564865772,3.571859539111158,0
-0.009992916386040626,0.009944085289822645,-92.34994285714306,-484.59424545545204,-489.0641126940325,-0.8104589560128665,4.252949113899118,0
-0.009745092317332399,-0.01652300049510298,-7.999885714285382,-468.71438278056314,-484.9941667113387,-0.4315732467846101,4.068565288267814,0
0.009352646025394483,-0.01038536267797851,10.479200000000665,-432.39786948508555,-474.4749072660881,-0.27752774435227945,7.444223060222906,0
-0.008018816755645313,-0.008411263047583196,20.858935714285675,-399.6132785044634,-459.5025815137632,-0.4249511425222078,5.191628526828673,0
0.012642165642384143,0.013975994912133345,31.720164285714162,-340.2553900894065,-435.6531432288918,-0.7494150633098925,4.555684637611561,0
0.027027481011925873,0.03165082989866473,16.667000000000417,-312.69917221333986,-411.06234902578143,0.48420623568811005,6.3187777901649085,0
0.011171369773878394,0.050841016428188446,-5.239842857142732,-284.3919750487461,-385.7282742303744,0.489799606123044,5.254317706070303,0
0.009671140987972499,0.0478699917737768,-34.28727142857184,-282.210508608681,-365.02472110603577,0.45078432594986967,4.791478928941227,0
0.04048517238756518,0.061327683149416105,-33.16209285714273,-280.5478348039806,-348.12934384562476,0.38409249975752613,5.028656091026576,0
0.010953203362111136,0.06110951673764885,-57.858835714285505,-296.2730979506797,-337.75809466663577,-0.12011900755856929,8.294081766097763,0
0.027121959600270855,0.07856033534994719,-20.13921428571416,-272.47132066730336,-324.7007398667693,-0.26618309303038573,4.303537760050921,0
-0.010575970846648361,0.027499192115733664,-50.370821428570935,-328.6012749818745,-325.48084688979037,-0.7058664884956226,2.9684886920089135,0
-0.014989177564882147,0.001556811188740381,-25.686650000000583,-335.4743414678343,-327.4795458053992,-0.03568003401653379,3.865037479892147,1
0.018387338099131373,-0.007177810312399099,-28.278850000000045,-338.50920847002664,-329.6854783383247,-0.027295570929270197,2.896903903464216,1
-0.009092785111407941,-0.005694624577158679,-21.430414285713994,-341.3270830903349,-332.0137992887268,-0.06403102298510589,3.0623792685859477,0
-0.004318746204609765,0.004975806783113703,-16.494964285714243,-321.1748084128982,-329.8460011135611,0.3424010566866686,2.5312533328825806,0
-0.0032114549813232708,-0.01662298629734094,-15.464378571428737,-282.04135892586334,-320.28507267602157,0.6661771835744529,6.839959756022706,0
-0.00222126778381947,-0.009751468969752469,-21.936471428571263,-255.99132347105942,-307.42632283502917,0.34300269857937843,6.559449454680373,0
-0.03513545669113844,-0.04056817945628115,-26.85450714285727,-209.0390207817375,-287.7488624243708,0.5638433962477358,7.772761958519381,1
0.013521656253895228,-0.023835068221062645,-0.9085999999998338,-163.72099650057595,-262.9432892396119,0.6053684084914086,11.211246704168104,0
-0.009086937307502454,-0.030700737744745625,-20.742878571429028,-145.34671426887752,-239.42397424546502,0.46385832570303764,7.989731098592444,0
-0.014109177566190546,-0.00967445861979773,13.397142857143066,-114.40412033499017,-214.42000346337005,0.5778513411904138,8.53128512070383,0
-0.001622316521969809,-0.02481843139566277,31.068685714285632,-72.38438297554767,-186.01287936580556,0.45340658252717714,8.717922247907017,0
0.014603662488395602,-0.0011278315997647129,46.35380000000029,-41.7925422184405,-157.16881193633256,0.1912519807154928,6.9904759751019805,1
0.023440355324116577,0.03642170129054241,31.036357142857266,-1.7091588079500655,-126.07688131065606,-0.06468396501757208,7.68471339289218,0
-0.015329178829650795,0.022714838982861422,87.80400714285652,15.230151371871433,-97.81547477415056,-0.17372593082755947,9.250110237224424,1
-0.014469900693919641,-0.006358724199453818,65.21174285714307,36.455530556943366,-70.96127370793177,-0.3140457977136132,9.720107858256661,0
0.003920758089553656,-0.02587832143401674,83.21948571428588,71.30780962722356,-42.5074570409007,-0.373769678224866,9.24150221410148,0
0.0058226170846308305,-0.004726525519735113,77.12723571428643,86.69943670931224,-16.666078290858103,-0.3702448970615265,7.685409865378959,0
0.002654332790810409,0.012397707964994937,63.56625,101.09558742367545,6.886254852048616,-0.06993965378535956,5.715383168443923,0
0.009681271978089904,0.018158221853531185,47.86961428571437,113.37690906685256,28.184385695009414,0.40698735836028305,6.997086613394782,0
-0.014940141616580648,-0.0026045368476802933,80.40957142857127,150.22368233068676,52.592245022144894,0.8314699503533047,5.526156794085795,0
-0.0377423259028083,-0.043001195541299005,55.999171428571266,173.74397953361458,76.82259192443884,0.2563810603194389,10.2948470540866,0
0.04005094167944638,-0.01263152583994253,37.754842857142606,175.96596304547714,96.6512661486465,0.5077274105237557,14.55649393391764,0
0.026557974060289986,0.028866589836928108,39.7986071428571,158.98695909557784,109.1184047380328,0.604931385195587,13.868079683229514,1
-0.014793550335320144,0.05181536540441626,22.8245,139.80608182320177,115.25594015506658,0.5823912545264128,14.267353489039321,0
0.01203878044607264,0.023803204171042522,5.38083571428638,120.17706764316485,116.24016565268623,0.7768661750515893,37.3420182332999,1
-0.013084281145385759,-0.01583905103463322,22.722749999999376,119.64177997908338,116.92048851796567,0.8076469353010696,15.040584241339955,0
2.1897778319425264e-05,-0.0010236029209936522,10.422871428571595,119.7614881627687,117.48868844692626,0.7831953673382208,12.028912090566296,1
-0.013077175384241219,-0.02613955875130751,26.574307142856977,122.04401636180226,118.39975402990147,0.47206991430877016,11.444430865371807,0
-0.0030138459405368023,-0.016069123546458553,4.486142857143065,105.90064653070347,115.89993253006188,0.5814255402910303,7.311848717526293,1
-0.009368959332609438,-0.025459980657387415,-11.271649999999543,93.08557163132936,111.33706035031537,0.7397204932358427,4.598203083007513,0
0.0032079193293624974,-0.0091748859437837,4.03488571428534,87.97728022433716,106.66510432511973,0.19279390607324062,5.8191544097644785,0
-0.015946501440543166,-0.02210754144379006,7.911814285714785,90.62746809379944,103.4575770788557,0.45314581277171495,6.482048613191954,0
-0.002739909333640409,-0.015478491444821033,28.39347142857118,116.69950852607349,106.10596336829926,0.2612727337445283,3.8940096214740287,0
-0.005468226410163686,-0.024154637184347218,1.1066142857144936,133.83890079040594,111.65255085272062,-0.0030183595894757833,5.131879411199088,0
-0.004005051098359681,-0.01221318684216373,-11.279757142857019,128.27245084602387,114.97653085138127,0.26771140235866575,3.5746468933465594,0
0.016984423070989005,0.007511145562465684,16.292621428571387,139.01695016770796,119.7846147146466,-0.12637203908679656,5.324168198495271,0
-0.03512038401839691,-0.022141012045767537,43.400992857143144,159.4110786941641,127.70990751055012,0.09147536596493393,8.492667400737737,0
-0.004544922260821948,-0.022680883208229804,46.806571428570926,173.30969359446772,136.82986472733364,0.14081884864723232,10.507059725775681,0
-0.00550986399957613,-0.045175170278794946,26.842585714285132,156.91989166627704,140.84787011512233,0.17719100359873036,7.79289645529687,0
-0.00730481039449769,-0.01735959665489572,22.108507142857018,153.21666460952642,143.32162901400315,0.139045733593356,8.366721968360952,0
0.016260046907233025,0.0034453725131592533,22.246114285713745,150.625430139303,144.78238923906312,0.42532700610484364,9.469352181879728,0
-0.022370356681199396,-0.013415120168464013,35.68422142857151,165.44007515393724,148.91392642203795,0.450818614958838,6.7324167814930265,0
-0.004803359771680122,-0.010913669545646446,62.08430000000013,188.10462181606928,156.75206550084422,0.4443721740966557,6.4486644626872565,0
-0.004522371196536913,-0.03169608764941638,67.19129285714232,210.46134843949181,167.49392208857375,0.9405055434764127,17.74095236288459,0
0.019244121674199872,0.009918390705982886,60.2039357142858,223.76815193716527,178.74876805829206,0.9630650427519418,16.909635523583837,0
0.005694365478890737,0.020416115956553745,50.56172142857055,228.53013357281097,188.70504116119588,0.9151309637001187,13.41517691532843,0
0.020209363708194802,0.04514785086128546,34.78685000000021,237.06765270533344,198.37756347002343,0.5207621905281667,14.266966984317458,0
0.035271700256101844,0.06117542944318743,19.27989999999929,221.77915227975433,203.05788123196962,0.7459350125395889,11.452426027841534,0
-0.02903233819827056,0.026448725766026127,45.16640714285689,218.71435277503326,206.1891755405824,0.7699735404987347,16.35004848760935,1
0.020117430655547427,0.026356792713378756,39.336878571428656,223.877687034591,209.72687783938412,0.6362290765852782,15.090472943907384,0
-0.01420177145227292,-0.02311667899499601,22.298949999999582,219.90392000677278,211.76228627286184,0.4824256519718921,16.09731931069212,1
-0.020169612618729037,-0.014253953415454487,24.03277142857122,215.9578493153898,212.60139888136746,0.5879436985997148,17.33916577740934,0
-0.0006455668455290829,-0.035016950916531,32.761764285713866,194.84976829720173,209.05107276453433,0.14174377918001568,13.08143785479765,0
0.018881232734160074,-0.0019339467300980052,13.272335714285713,165.2516630174441,200.2911908151163,-0.0185779657194571,13.805158133473052,1
0.0001624350659436331,0.018398100954574663,14.574007142857143,143.68898608295098,188.97074986868327,0.5317302620235812,14.72628227939313,0
-0.023695283719501095,-0.004651615919397348,45.10540714285693,177.81675901367942,186.7399516976825,0.7857270966303719,5.587952058311001,0
0.012327510441449427,-0.011205338212107995,86.24524999999996,261.4169804378611,201.67535744571825,0.5703175921098135,3.9483920722190313,0
0.002210872539728918,-0.009156900738322711,48.31596428571433,288.3200920330351,219.00430436318166,0.5891386131323241,3.481124203993493,0
-0.022916512381569866,-0.008378129400391482,106.72724285714264,369.5358473621965,249.11061296298465,0.6418324563198923,3.3521503014482974,0
0.028863544612560767,0.00815790477071986,87.54240714285764,404.4158784906234,280.1716660685124,0.7450102469508951,4.206339693083498,0
-0.02024204408468859,-0.01429501185369765,95.56110714285673,443.5011213577287,312.8375571263557,0.6401855175689798,4.163490651901024,0
0.026493026000849306,0.03511452652872152,85.81082857142883,438.9043045572098,338.05090661252655,0.86843758774863,5.259719761730226,0
0.005378233693985299,0.011629215610146054,52.488435714285835,404.52706741084484,351.3461387721902,0.9065768513300672,5.5040660561488375,0
0.023538655144742498,0.05540991483957715,41.460492857142356,370.724234120576,355.2217578418674,0.775818754944957,8.590270778099523,0
0.02088521639907725,0.04980210523780508,46.30328571428559,339.95642873220197,352.1686920199343,0.6504815118391779,8.146067296004528,0
0.036517658222335665,0.08094152976615546,59.289378571428905,328.15274498086075,347.36550261211966,-0.4583077356692358,3.8587926051870145,0
-0.01840640142412436,0.03899647319728859,73.82683571428588,315.84540477702217,341.06148304510015,-0.3420577387320121,10.15507203052041,1
-0.025041459788216997,-0.00693020299000565,114.15356428571471,336.8008572694411,340.2093578899684,0.4710754030311951,13.750375671806836,1
-0.008975672385750078,-0.05242353359809139,116.98881428571515,356.057125093766,343.378911330728,0.32889312694056755,14.30496967571873,0
-0.00640492565180621,-0.04042205782577324,48.75489285714323,343.54113749067807,343.411356562718,0.13402031103474488,8.623874319074037,0
-3.650296890523501e-05,-0.015417101006461481,3.664935714285049,338.3516299669935,342.3994112435731,0.7163696669992635,4.268406223948972,1
0.0001686008036187259,-0.006272827817092678,60.34226428571466,358.1111482322915,345.54175864131685,0.5679043337321376,3.8977698633164426,1
-0.02118890527866746,-0.02105680744395393,11.339642857143023,378.20815714974793,352.07503834300314,0.10328298110271002,3.520712140232047,0
-0.0121815346278569,-0.0332018391029056,2.1685928571428987,354.8619885563209,352.6324283856667,0.07302040969732873,2.5029383956254936,0
0.001781451706401834,-0.031588988200122486,-33.4632142857142,309.09920360640854,343.9257834298151,0.2217804052944068,2.9861308808558977,0
0.0026751580140578837,-0.007724924907397139,-22.909035714285423,251.34466037090704,325.40955881803353,0.36838044226241723,3.3118240570406186,0
-0.009895500198685002,-0.0054388904782252424,27.54040714285756,233.79946142148864,307.0875393387246,0.6437353879212565,3.3823814669686434,0
-0.009460517979222668,-0.016680860163849745,37.07270714285718,225.7754957326813,290.825130617516,0.6630966480948867,2.518977268172875,0
0.01345291028334901,-0.005903107894558619,2.999428571428322,178.80329816187498,268.4207641263877,0.9651472618048692,3.624092297178275,0
0.027295972459711555,0.031288364763837936,-16.370878571428698,134.50743284958617,241.6380978710274,0.7105820111929473,5.237365171309075,1
-0.029737390823744082,0.011011491919316524,-13.08427857142774,102.62054426758135,213.83458715033822,0.6217636466692591,7.280583238414152,0
0.00462346037045948,0.002182042006426993,-34.076614285714285,87.2213757857514,188.51194487742086,0.5424042210937381,8.722223017428899,0
-0.010379042736746818,-0.03549297319003138,-19.606978571429487,96.99871015713983,170.20929793336467,0.5756149548280416,7.704844925027277,0
0.0016325899348163069,-0.004122992431470991,4.247850000000582,106.64973041783314,157.4973844302584,0.5192587372135203,15.491245720473877,0
0.006095596654871657,-0.002650856147058815,-15.146085714285048,99.8678297056277,145.97147348533227,0.4015676712115549,8.99544995845787,0
